,red,blue,green,nir08,swir16,emad,smad,bcmad,ndvi,mndwi,evi,ndbi,bs_pc_50,pv_pc_50,npv_pc_50,bs_med_jan_apr,pv_med_jan_apr,npv_med_jan_apr,bs_med_may_aug,pv_med_may_aug,npv_med_may_aug,bs_med_sep_dec,pv_med_sep_dec,npv_med_sep_dec,dem,x,y,class_id,lulc
0,236.0,291.0,537.0,5162.0,1762.0,1306.504,0.00046283007,0.055874187,0.9125602,-0.5328404,0.85547566,-0.49104565,12.0,84.0,70.0,9.0,34.5,72.0,16.5,59.5,22.0,46.0,39.0,69.0,127.32449,5586219.038982311,-2404398.8862574534,1,forest
1,244.0,287.0,548.0,5132.0,1703.0,1245.6096,0.0004439056,0.054791912,0.9092262,-0.5131053,0.8460553,-0.5016825,16.0,83.0,75.0,14.0,33.0,73.0,15.5,60.5,38.5,46.0,33.5,72.5,133.00558,5586276.027514307,-2404327.9641555017,1,forest
2,206.0,270.0,495.0,4912.0,1657.0,933.3732,0.00031787157,0.04046876,0.9194998,-0.5399628,0.8330384,-0.49550924,14.0,83.0,72.0,12.0,34.5,71.0,15.0,60.0,32.0,48.0,37.0,70.5,136.20636,5586258.272676568,-2404379.987371992,1,forest
3,274.0,316.0,620.0,5033.0,1777.0,1205.0532,0.0009431839,0.048266865,0.89674014,-0.4826867,0.83158594,-0.47812045,20.0,70.0,25.0,14.0,43.5,71.0,20.0,56.0,26.0,50.0,35.5,71.0,101.43596,5586185.262517435,-2404301.749899708,1,forest
4,189.0,245.0,417.0,4926.0,1730.0,1129.4324,0.0013519526,0.047679305,0.92609966,-0.6115509,0.8326595,-0.48016825,16.0,83.0,31.0,19.5,36.0,68.0,21.0,57.0,29.0,48.0,34.5,72.0,127.96886,5586299.602561996,-2404269.7254291577,1,forest
5,183.0,235.0,432.0,4048.0,1493.0,1149.239,0.0011397302,0.06405316,0.91349566,-0.5511688,0.72197104,-0.46110815,12.0,81.0,13.0,10.5,46.0,48.0,18.0,58.5,22.0,43.0,38.5,70.0,107.0552,5586154.592720203,-2404383.8563090554,1,forest
6,232.0,279.0,503.0,5329.0,1816.0,1179.9436,0.0004784763,0.051782884,0.91656184,-0.5661923,0.8710736,-0.4916725,18.0,79.0,11.0,18.5,47.0,54.0,27.0,61.5,15.5,39.0,38.5,47.0,98.96865,5586106.351949484,-2404424.831793622,1,forest
7,256.0,288.0,566.0,5204.0,1737.0,1094.8877,0.0006453097,0.050241858,0.9062271,-0.5084672,0.8484225,-0.49949571,12.0,83.0,72.0,13.0,32.5,71.0,17.0,58.5,51.5,43.0,35.5,70.0,149.75552,5586350.431638855,-2404363.9839181704,1,forest
8,287.0,331.0,640.0,4919.0,1710.0,999.0368,0.0009558201,0.04486451,0.88974255,-0.45531914,0.8178833,-0.48408508,16.0,76.0,67.0,21.0,41.0,64.0,20.0,60.5,21.0,37.0,35.5,35.0,162.77237,5586421.730992905,-2404277.2985521145,1,forest
9,282.0,326.0,578.0,5043.0,1772.0,854.76404,0.00054115057,0.038829558,0.89408445,-0.50808513,0.83292514,-0.4799706,16.0,72.0,64.0,13.0,38.5,64.5,17.0,59.5,22.0,27.0,36.0,32.0,166.66989,5586464.765331484,-2404247.1524746343,1,forest
10,288.0,334.0,587.0,5296.0,1861.0,844.5342,0.0006301999,0.04118355,0.8968481,-0.5204249,0.8623184,-0.4799497,14.0,78.0,53.0,17.0,42.5,64.0,17.0,57.5,24.0,23.5,36.0,52.0,169.99367,5586500.377601473,-2404216.7868512277,1,forest
11,323.0,374.0,619.0,5454.0,1929.0,958.85706,0.0006186366,0.04944478,0.8881773,-0.51412874,0.87937903,-0.4774482,14.0,74.0,65.0,13.0,37.0,65.0,20.5,61.0,25.0,39.0,35.0,27.5,175.60526,5586491.084335208,-2404258.336530324,1,forest
12,218.0,274.0,508.0,5283.0,1666.0,1137.0286,0.0014566779,0.047863558,0.92074174,-0.53265876,0.8711131,-0.52050656,16.0,76.0,67.0,21.0,41.0,64.0,20.0,60.5,21.0,37.0,35.5,35.0,157.46193,5586407.943223526,-2404294.898144522,1,forest
13,297.0,344.0,604.0,6329.0,2081.0,918.9918,0.0007452965,0.042404607,0.9103532,-0.5500932,0.97096133,-0.50511295,15.0,79.0,45.0,14.5,43.0,59.5,20.0,57.5,23.0,23.0,35.5,35.0,179.91667,5586529.193714391,-2404233.4497992652,1,forest
14,247.0,301.0,539.0,5358.0,1863.0,1047.7966,0.000536263,0.042846564,0.91186446,-0.5512073,0.8762215,-0.484005,15.0,83.0,64.0,9.0,40.0,65.0,15.5,58.0,24.0,37.5,34.5,70.0,141.27945,5586244.405417478,-2404465.713130986,1,forest
15,244.0,287.0,548.0,5132.0,1703.0,1245.6096,0.0004439056,0.054791912,0.9092262,-0.5131053,0.8460553,-0.5016825,16.0,83.0,75.0,14.0,33.0,73.0,15.5,60.5,38.5,46.0,33.5,72.5,133.00558,5586294.301112127,-2404319.949107025,1,forest
16,231.0,273.0,494.0,4960.0,1745.0,1078.1188,0.0005931854,0.05487347,0.9109998,-0.55873156,0.82683504,-0.47949293,13.0,85.0,3.0,12.0,46.0,60.0,16.0,58.5,15.0,51.0,38.5,64.0,113.819374,5586177.463460661,-2404473.473142205,1,forest
17,269.0,300.0,521.0,4666.0,1677.0,947.08594,0.0007238388,0.04886769,0.8909828,-0.5259326,0.7834997,-0.47122815,14.0,83.0,67.0,12.0,32.5,68.5,14.0,62.5,40.0,50.0,35.5,70.0,165.44357,5586336.247364746,-2404468.2570294496,1,forest
18,266.0,316.0,608.0,5111.0,1729.0,1251.3403,0.00058966875,0.04855823,0.90106004,-0.47967482,0.844842,-0.4944444,16.0,76.0,67.0,9.5,37.5,70.0,18.0,55.5,40.0,49.0,37.5,71.0,117.731895,5586211.218267322,-2404330.0930010346,1,forest
19,223.0,270.0,507.0,4639.0,1603.0,1216.7747,0.0007458031,0.062943876,0.90826815,-0.5194313,0.7912844,-0.4863826,12.0,86.0,8.0,12.0,48.5,56.0,19.0,59.5,20.0,49.0,39.5,70.5,113.48681,5586172.8680831,-2404404.110187338,1,forest
20,298.0,340.0,566.0,4880.0,1764.0,1084.2612,0.0008161664,0.055552125,0.8848976,-0.5141631,0.81137556,-0.4689946,15.0,82.0,72.0,11.0,31.5,70.5,15.0,58.0,27.0,36.5,35.5,69.0,184.64934,5586337.646643815,-2404510.846294628,1,forest
21,397.0,453.0,761.0,5711.0,2033.0,1452.9337,0.0009355545,0.056389585,0.87000644,-0.45526132,0.90401816,-0.47494835,14.0,81.0,70.0,12.5,34.0,66.5,17.0,60.0,29.5,46.0,38.5,58.0,202.20775,5586480.980154339,-2404416.23195567,1,forest
22,326.0,358.0,572.0,4662.0,1709.0,1959.7303,0.00095170736,0.08924304,0.86928636,-0.4984656,0.778009,-0.46350655,15.0,81.0,65.0,6.5,32.5,70.0,15.5,56.0,24.0,28.5,33.5,66.0,196.10793,5586414.6142301615,-2404512.0247303224,1,forest
23,314.0,352.0,604.0,4945.0,1810.0,1312.8472,0.00107494,0.06629868,0.8805857,-0.49958572,0.81594896,-0.46410066,15.0,82.0,72.0,15.0,34.5,70.5,17.5,61.0,21.0,29.0,36.5,64.0,195.93536,5586335.433784082,-2404556.3349129977,1,forest
24,378.0,385.0,610.0,4358.0,1696.0,1459.9528,0.001321733,0.08691907,0.84037167,-0.47094533,0.7242421,-0.4397093,16.0,81.0,68.0,13.0,38.0,69.0,15.0,57.5,27.0,30.5,34.5,66.0,207.59526,5586428.4757997645,-2404567.180521626,1,forest
25,262.0,288.0,537.0,4808.0,1713.0,1288.6843,0.00060099363,0.05354132,0.8966469,-0.52266663,0.7992264,-0.4746205,12.0,84.0,4.0,12.0,45.0,60.0,16.0,63.0,18.5,51.0,35.5,70.0,116.475426,5586132.201022876,-2404576.9140337417,1,forest
26,358.0,422.0,668.0,5085.0,2017.0,1443.6165,0.0011340678,0.06992683,0.86845493,-0.50242084,0.840027,-0.43199098,18.0,72.0,17.0,25.0,33.0,69.0,19.0,51.0,30.0,32.0,40.0,43.0,250.1232,5586625.325701615,-2404465.2449548943,1,forest
27,292.0,328.0,559.0,4882.0,1766.0,1088.1252,0.000716418,0.056973547,0.88712794,-0.51913977,0.8095809,-0.46871245,14.0,83.0,65.0,9.5,32.0,71.0,12.5,54.0,41.0,31.0,35.0,69.0,191.91396,5586378.431878412,-2404539.165570651,1,forest
28,275.0,321.0,608.0,5181.0,1822.0,1153.7156,0.0005800724,0.043745887,0.8991936,-0.49958846,0.8503485,-0.47965157,13.0,84.0,70.0,10.5,44.5,62.0,16.0,62.5,42.0,41.0,34.0,70.0,122.20889,5586161.950208688,-2404579.6443472034,1,forest
29,454.0,490.0,814.0,5438.0,2082.0,1591.1378,0.0022730231,0.062240634,0.8458927,-0.43784532,0.86008143,-0.44627663,14.0,81.0,5.0,20.0,37.5,69.0,15.5,59.0,32.0,36.5,34.5,66.5,244.84178,5586541.077954577,-2404524.5520302793,1,forest
30,252.0,288.0,592.0,5894.0,2040.0,819.7181,0.00068962574,0.032241136,0.9179954,-0.550152,0.92516065,-0.4857575,13.0,84.0,74.0,9.0,53.0,69.0,21.0,65.0,38.0,44.5,40.5,65.0,102.55116,5586015.8356534215,-2404674.3488344788,1,forest
31,213.0,268.0,416.0,3924.0,1640.0,1475.6636,0.0029557347,0.08276458,0.8970269,-0.5953307,0.7032671,-0.41049603,15.0,72.0,13.0,15.0,43.5,61.0,20.0,58.0,20.0,28.0,33.0,55.5,143.63599,5586164.521710623,-2404686.149053184,1,forest
32,273.0,308.0,597.0,5202.0,1738.0,1134.4492,0.00063729286,0.047845095,0.900274,-0.488651,0.8480729,-0.49913546,15.0,83.0,57.0,12.0,32.5,70.0,15.5,58.0,35.0,42.0,35.0,64.0,154.0808,5586379.893378996,-2404386.1871066936,1,forest
33,241.0,269.0,533.0,4766.0,1582.0,738.8876,0.0008559227,0.03712136,0.90373474,-0.4959811,0.7969636,-0.50157535,13.0,85.0,10.0,10.0,48.0,51.0,16.0,63.5,18.5,51.0,41.0,52.0,95.79583,5586046.095899876,-2404579.7419084576,1,forest
34,262.0,301.0,617.0,5510.0,1917.0,879.1662,0.00055614114,0.03700835,0.90921694,-0.5130229,0.88502145,-0.48377544,11.0,84.0,72.0,7.0,48.5,63.0,20.5,66.5,45.0,50.5,41.5,62.0,93.547104,5585984.734763375,-2404658.686545876,1,forest
35,295.0,308.0,588.0,4880.0,1790.0,923.53076,0.00070002675,0.04573313,0.8859904,-0.5054668,0.7993375,-0.4632684,10.0,86.0,6.0,11.0,51.5,56.0,11.0,59.5,19.0,25.0,36.5,64.0,95.300705,5586070.576301285,-2404252.6861715885,1,forest
36,369.0,440.0,738.0,5116.0,1636.0,1964.165,0.0027945936,0.08793612,0.8654513,-0.37826455,0.84586596,-0.5154029,14.0,31.0,67.0,37.0,33.0,69.0,24.5,48.0,55.5,20.0,31.0,69.0,354.11987,5587506.381770052,-2404003.4330316195,1,forest
37,430.0,497.0,629.0,2834.0,1204.0,2213.2642,0.013711691,0.16434123,0.7365196,-0.3136934,0.5142686,-0.40366518,31.0,34.0,16.0,24.0,32.0,67.5,48.0,50.5,54.5,37.0,34.0,66.0,359.9946,5587689.5896351645,-2404022.425569099,1,forest
38,437.0,485.0,849.0,6134.0,1956.0,2133.1697,0.0013819337,0.080920726,0.8669914,-0.39465243,0.9420577,-0.51644003,11.0,38.0,64.0,43.0,33.0,68.0,16.0,50.0,53.5,32.0,33.0,69.5,341.30804,5587393.188791111,-2403999.7440068787,1,forest
39,305.0,334.0,516.0,3980.0,1551.0,1960.9839,0.00293234,0.10724847,0.85764295,-0.5007257,0.6905299,-0.4391611,6.0,51.0,34.0,17.0,34.0,68.5,27.5,49.0,54.0,27.5,33.0,74.0,356.08737,5587403.297963027,-2403884.4864588846,1,forest
40,290.0,340.0,588.0,4273.0,1413.0,1441.8688,0.0013573766,0.08226045,0.8728906,-0.41229385,0.7396197,-0.5029898,14.0,48.0,55.0,36.5,34.0,67.5,17.0,51.5,55.0,42.0,36.0,69.5,374.9705,5587639.142281539,-2403925.84441073,1,forest
41,386.0,429.0,718.0,5074.0,1668.0,1483.427,0.0025173128,0.06933503,0.858608,-0.3981559,0.8269536,-0.50519127,13.0,32.0,65.0,47.5,39.0,66.5,26.5,49.0,53.0,35.0,34.0,68.0,315.0552,5587275.902995105,-2404040.67619882,1,forest
42,460.0,491.0,716.0,3716.0,1359.0,2382.3772,0.0075051785,0.15833619,0.7796935,-0.30987954,0.63626057,-0.4644335,22.0,29.0,64.0,47.0,33.0,69.0,26.5,51.0,55.0,41.0,29.5,76.0,312.60104,5587273.905637475,-2404092.643910395,1,forest
43,535.0,585.0,986.0,6568.0,2199.0,3142.8096,0.0020175576,0.11887387,0.84935945,-0.38084772,0.9799877,-0.49834603,11.0,37.0,65.0,41.0,33.0,69.0,13.0,46.0,56.5,30.0,34.0,69.0,347.49832,5587437.140314059,-2403983.468475133,1,forest
44,379.0,424.0,720.0,5147.0,1877.0,1087.086,0.00084728,0.04728277,0.8628302,-0.44551408,0.83701986,-0.4655467,11.0,37.0,58.0,59.0,35.0,65.0,21.5,53.0,54.0,30.0,31.0,70.5,341.04755,5587364.317576999,-2403967.328747566,1,forest
45,256.0,294.0,561.0,4669.0,1447.0,966.8419,0.0013666749,0.046887025,0.8960407,-0.4412351,0.78803575,-0.52681494,12.0,47.0,67.0,24.5,35.0,69.0,20.0,49.0,55.0,17.0,28.5,72.5,379.13177,5587555.423438488,-2403916.551925337,1,forest
46,484.0,543.0,794.0,4950.0,1936.0,1262.3881,0.0021573901,0.06322788,0.8218624,-0.418315,0.81014407,-0.43769968,21.0,37.0,63.0,22.0,41.0,63.0,21.5,49.0,57.0,34.0,34.0,65.0,327.16522,5587319.463973061,-2403928.0248728497,1,forest
47,399.0,476.0,702.0,4889.0,1790.0,1193.8922,0.0017951727,0.057525992,0.84909225,-0.43659708,0.8185663,-0.46399158,11.0,34.0,65.0,37.0,41.5,66.0,14.5,50.0,48.0,38.0,41.0,68.0,311.1824,5587233.942205418,-2403948.4481969113,1,forest
48,347.0,403.0,565.0,3286.0,1225.0,2292.815,0.009266198,0.19966997,0.80897325,-0.36871508,0.59515613,-0.45688316,8.0,67.0,55.0,15.0,43.0,68.0,28.0,50.5,54.5,35.5,36.0,70.0,368.5252,5587610.011728468,-2403998.168001788,1,forest
49,454.0,456.0,739.0,4243.0,1777.0,1380.4606,0.002100408,0.07882213,0.80668515,-0.41255963,0.69923234,-0.40963453,5.0,53.0,54.0,14.5,33.0,69.0,15.0,54.5,54.0,47.0,36.0,66.5,358.27557,5587778.337316688,-2403959.260370005,1,forest
50,933.0,720.0,1186.0,4720.0,3395.0,1029.5323,0.00089782476,0.046238307,0.66990983,-0.4822091,0.634636,-0.16327786,17.0,77.0,5.0,42.0,48.0,48.0,21.0,60.5,17.0,29.0,38.5,24.0,5.8455863,5585409.569648068,-2403979.1798352194,3,grassland
51,933.0,720.0,1186.0,4720.0,3395.0,1029.5323,0.00089782476,0.046238307,0.66990983,-0.4822091,0.634636,-0.16327786,17.0,77.0,5.0,42.0,48.0,48.0,21.0,60.5,17.0,29.0,38.5,24.0,5.8455863,5585424.011244348,-2403981.486710202,3,grassland
52,854.0,698.0,1204.0,4824.0,3353.0,1196.278,0.0013156533,0.055516757,0.6991899,-0.4715822,0.6745735,-0.17989482,12.0,82.0,5.0,28.0,48.0,43.5,15.5,62.5,14.0,24.0,38.5,35.0,5.157923,5585449.706986861,-2403973.6927003963,3,grassland
53,817.0,679.0,1187.0,4797.0,3230.0,1211.4087,0.0010781884,0.055846326,0.70894194,-0.46253115,0.6812036,-0.19521612,10.0,85.0,6.0,17.0,47.0,43.0,13.0,69.5,17.5,24.0,38.0,39.5,4.970824,5585477.40620902,-2403970.4671151256,3,grassland
54,647.0,589.0,1033.0,4669.0,2834.0,1280.5918,0.0017823279,0.061595306,0.75658387,-0.4657357,0.71143025,-0.24456882,10.0,82.0,8.0,22.0,46.5,27.0,11.0,73.0,8.0,22.0,39.5,58.0,5.1343203,5585497.6305813845,-2403979.5355073325,3,grassland
55,817.0,679.0,1187.0,4797.0,3230.0,1211.4087,0.0010781884,0.055846326,0.70894194,-0.46253115,0.6812036,-0.19521612,10.0,85.0,6.0,17.0,47.0,43.0,13.0,69.5,17.5,24.0,38.0,39.5,4.970824,5585461.561020847,-2403996.011355601,3,grassland
56,812.0,671.0,1142.0,4686.0,3100.0,921.78925,0.0006610453,0.038230665,0.7046198,-0.46157473,0.6667584,-0.20369896,10.0,78.0,9.0,35.0,47.5,47.0,13.0,59.0,12.0,33.0,37.5,25.0,6.103481,5585411.717502807,-2404002.2802798464,3,grassland
57,854.0,698.0,1204.0,4824.0,3353.0,1196.278,0.0013156533,0.055516757,0.6991899,-0.4715822,0.6745735,-0.17989482,12.0,82.0,5.0,28.0,48.0,43.5,15.5,62.5,14.0,24.0,38.5,35.0,5.157923,5585440.023792006,-2403989.3030589437,3,grassland
58,864.0,677.0,1153.0,4422.0,3484.0,1012.2914,0.0012301803,0.04588572,0.6730988,-0.5026957,0.61224484,-0.11864408,17.0,75.0,2.0,35.0,47.5,45.0,24.0,59.5,16.5,29.0,38.5,33.5,5.2236433,5585456.066072334,-2403941.5083882967,3,grassland
59,817.0,679.0,1187.0,4797.0,3230.0,1211.4087,0.0010781884,0.055846326,0.70894194,-0.46253115,0.6812036,-0.19521612,10.0,85.0,6.0,17.0,47.0,43.0,13.0,69.5,17.5,24.0,38.0,39.5,4.970824,5585476.025223181,-2403984.8783391975,3,grassland
60,822.0,675.0,1170.0,4775.0,3454.0,1131.2441,0.0006916821,0.050188377,0.70627123,-0.49394464,0.67482674,-0.16052982,12.0,82.0,4.0,25.0,46.5,49.5,16.0,65.5,15.5,24.0,37.5,41.0,5.3923993,5585478.09652524,-2403949.127311407,3,grassland
61,745.0,658.0,1075.0,4754.0,3124.0,1432.4781,0.0014277399,0.0659303,0.72904164,-0.48797336,0.70141363,-0.20690529,9.0,82.0,8.0,11.0,48.0,21.0,10.0,70.0,13.0,27.0,39.5,59.5,6.071337,5585495.011925213,-2403942.0846644063,3,grassland
62,1088.0,902.0,1285.0,4181.0,3266.0,1075.0669,0.0014483631,0.048375234,0.58701843,-0.4352889,0.5545396,-0.12286829,22.0,63.0,10.0,31.5,46.0,43.0,23.0,50.5,26.0,39.0,37.5,30.0,6.1275473,5585433.276800537,-2403939.0119014066,3,grassland
63,550.0,470.0,941.0,4314.0,2491.0,791.2326,0.002394557,0.040113777,0.77384865,-0.4516317,0.6678969,-0.26789126,8.0,76.0,13.0,17.5,41.0,41.0,20.0,56.0,16.5,33.0,40.5,36.0,6.472799,5585318.8909169985,-2404082.7154625114,3,grassland
64,628.0,494.0,875.0,4187.0,2269.0,884.0223,0.0021110177,0.04814312,0.73914856,-0.44338426,0.624386,-0.297088,9.0,79.0,13.0,8.0,42.0,53.0,16.5,62.0,13.0,32.5,39.0,12.5,6.2132764,5585309.184596441,-2404055.228530199,3,grassland
65,760.0,653.0,1096.0,4583.0,2992.0,1041.6549,0.001410842,0.050914317,0.7155157,-0.46379644,0.67091364,-0.210033,9.0,80.0,9.0,25.0,48.0,39.0,11.0,63.0,12.0,31.0,38.0,24.0,5.0142226,5585444.72921856,-2404019.7343136324,3,grassland
66,753.0,1034.0,956.0,4263.0,3152.0,669.7123,0.0011925399,0.031937342,0.6997608,-0.53456664,0.79584616,-0.1498314,29.0,64.0,27.0,33.5,48.0,48.0,30.0,55.5,29.0,39.0,37.5,56.5,5.110824,5585396.782150282,-2403942.5258473605,3,grassland
67,813.0,697.0,1151.0,4542.0,3146.0,1211.0493,0.0013356209,0.056820594,0.69635856,-0.46427742,0.656861,-0.18158169,11.0,75.0,11.0,26.0,46.0,53.0,21.0,57.5,24.0,27.0,37.5,22.0,6.6819353,5585476.82889203,-2403924.607843381,3,grassland
68,921.0,765.0,1186.0,4596.0,2999.0,1471.6292,0.0028927028,0.07060166,0.6661229,-0.43321383,0.63870835,-0.21026991,21.0,68.0,9.0,19.5,48.0,38.0,21.5,63.0,18.0,39.0,38.5,15.0,7.3177743,5585496.703979545,-2403923.0291192895,3,grassland
69,745.0,658.0,1075.0,4754.0,3124.0,1432.4781,0.0014277399,0.0659303,0.72904164,-0.48797336,0.70141363,-0.20690529,9.0,82.0,8.0,11.0,48.0,21.0,10.0,70.0,13.0,27.0,39.5,59.5,6.071337,5585506.509351531,-2403967.6588545935,3,grassland
70,933.0,720.0,1186.0,4720.0,3395.0,1029.5323,0.00089782476,0.046238307,0.66990983,-0.4822091,0.634636,-0.16327786,17.0,77.0,5.0,42.0,48.0,48.0,21.0,60.5,17.0,29.0,38.5,24.0,5.8455863,5585421.643646048,-2403994.076633966,3,grassland
71,860.0,642.0,1128.0,4522.0,3097.0,948.7969,0.0011406541,0.04368103,0.68041617,-0.46603552,0.61579335,-0.1870324,16.0,74.0,13.0,25.0,47.5,22.5,19.0,47.0,18.0,30.5,41.0,16.5,10.047022,5584992.502719321,-2403130.913474221,3,grassland
72,860.0,642.0,1128.0,4522.0,3097.0,948.7969,0.0011406541,0.04368103,0.68041617,-0.46603552,0.61579335,-0.1870324,16.0,74.0,13.0,25.0,47.5,22.5,19.0,47.0,18.0,30.5,41.0,16.5,10.047022,5584996.907143319,-2403159.2681040736,3,grassland
73,833.0,1031.0,1034.0,3600.0,2625.0,871.02515,0.0017088354,0.044682648,0.6241823,-0.43481827,0.6366482,-0.15662655,16.0,74.0,10.0,25.0,47.5,22.5,19.0,47.0,18.0,30.5,41.0,16.5,10.401831,5585027.265046803,-2403159.4319863804,3,grassland
74,764.0,563.0,1027.0,4354.0,2851.0,901.472,0.00090020895,0.041048247,0.70144594,-0.4703456,0.60990113,-0.20860513,21.0,65.0,12.0,25.0,47.5,15.0,29.0,46.0,45.0,33.5,39.0,15.0,9.044754,5585035.403721267,-2403160.323824682,3,grassland
75,904.0,707.0,1088.0,3088.0,2359.0,773.41266,0.0015379786,0.04820543,0.54709417,-0.3687264,0.41333887,-0.13383515,11.0,71.0,13.0,18.0,46.5,24.0,24.0,48.0,29.5,27.0,39.5,19.5,9.07154,5585044.035629779,-2403162.1262931568,3,grassland
76,764.0,563.0,1027.0,4354.0,2851.0,901.472,0.00090020895,0.041048247,0.70144594,-0.4703456,0.60990113,-0.20860513,21.0,65.0,12.0,25.0,47.5,15.0,29.0,46.0,45.0,33.5,39.0,15.0,9.044754,5585033.278800445,-2403166.1859142594,3,grassland
77,904.0,707.0,1088.0,3088.0,2359.0,773.41266,0.0015379786,0.04820543,0.54709417,-0.3687264,0.41333887,-0.13383515,11.0,71.0,13.0,18.0,46.5,24.0,24.0,48.0,29.5,27.0,39.5,19.5,9.07154,5585041.007660873,-2403168.7130683027,3,grassland
78,764.0,563.0,1027.0,4354.0,2851.0,901.472,0.00090020895,0.041048247,0.70144594,-0.4703456,0.60990113,-0.20860513,21.0,65.0,12.0,25.0,47.5,15.0,29.0,46.0,45.0,33.5,39.0,15.0,9.044754,5585035.126451795,-2403173.0763419033,3,grassland
79,904.0,707.0,1088.0,3088.0,2359.0,773.41266,0.0015379786,0.04820543,0.54709417,-0.3687264,0.41333887,-0.13383515,11.0,71.0,13.0,18.0,46.5,24.0,24.0,48.0,29.5,27.0,39.5,19.5,9.07154,5585041.496946774,-2403176.5747975972,3,grassland
80,764.0,563.0,1027.0,4354.0,2851.0,901.472,0.00090020895,0.041048247,0.70144594,-0.4703456,0.60990113,-0.20860513,21.0,65.0,12.0,25.0,47.5,15.0,29.0,46.0,45.0,33.5,39.0,15.0,9.044754,5585035.4752853755,-2403183.723063454,3,grassland
81,904.0,707.0,1088.0,3088.0,2359.0,773.41266,0.0015379786,0.04820543,0.54709417,-0.3687264,0.41333887,-0.13383515,11.0,71.0,13.0,18.0,46.5,24.0,24.0,48.0,29.5,27.0,39.5,19.5,9.07154,5585042.695752364,-2403184.8766810135,3,grassland
82,1183.0,865.0,1331.0,4424.0,3282.0,949.37604,0.0011789799,0.044819318,0.5780275,-0.4229352,0.53892714,-0.1481962,21.0,66.0,8.0,23.0,45.5,23.5,26.5,46.0,37.0,34.5,41.0,11.0,9.213891,5584950.548817786,-2403158.7015434443,3,grassland
83,860.0,642.0,1128.0,4522.0,3097.0,948.7969,0.0011406541,0.04368103,0.68041617,-0.46603552,0.61579335,-0.1870324,16.0,74.0,13.0,25.0,47.5,22.5,19.0,47.0,18.0,30.5,41.0,16.5,10.047022,5584987.615548671,-2403137.329442353,3,grassland
84,1183.0,865.0,1331.0,4424.0,3282.0,949.37604,0.0011789799,0.044819318,0.5780275,-0.4229352,0.53892714,-0.1481962,21.0,66.0,8.0,23.0,45.5,23.5,26.5,46.0,37.0,34.5,41.0,11.0,9.213891,5584978.114167489,-2403158.4935962074,3,grassland
85,1183.0,865.0,1331.0,4424.0,3282.0,949.37604,0.0011789799,0.044819318,0.5780275,-0.4229352,0.53892714,-0.1481962,21.0,66.0,8.0,23.0,45.5,23.5,26.5,46.0,37.0,34.5,41.0,11.0,9.213891,5584963.605393152,-2403139.9696155135,3,grassland
86,701.0,528.0,871.0,3576.0,2194.0,655.4455,0.00077819824,0.040112182,0.6722001,-0.43164763,0.52000433,-0.23951472,45.0,47.0,10.0,43.0,46.5,44.0,53.5,40.0,56.0,47.5,37.0,22.0,8.507116,5585035.486502655,-2403191.1370655946,3,grassland
87,705.0,580.0,867.0,3633.0,2164.0,740.5483,0.001344502,0.04763009,0.6749655,-0.4279116,0.5417006,-0.25340694,8.0,73.0,17.0,10.0,50.0,21.0,10.0,54.0,22.0,25.0,48.0,19.0,10.840989,5584993.903501646,-2402827.1136376318,3,grassland
88,911.0,657.0,1112.0,3996.0,2856.0,817.434,0.0010596514,0.043265305,0.6286937,-0.43951613,0.53063405,-0.16637477,8.0,73.0,17.0,10.0,50.0,21.0,10.0,54.0,22.0,25.0,48.0,19.0,9.8296385,5584984.800873543,-2402839.2282333747,3,grassland
89,911.0,657.0,1112.0,3996.0,2856.0,817.434,0.0010596514,0.043265305,0.6286937,-0.43951613,0.53063405,-0.16637477,8.0,73.0,17.0,10.0,50.0,21.0,10.0,54.0,22.0,25.0,48.0,19.0,9.8296385,5584992.415852029,-2402838.283701956,3,grassland
90,699.0,528.0,899.0,4128.0,2856.0,667.65857,0.0010945201,0.03575835,0.7103791,-0.52117175,0.59688765,-0.18213059,8.0,73.0,17.0,10.0,50.0,21.0,10.0,54.0,22.0,25.0,48.0,19.0,8.810456,5584974.525838838,-2402850.9178501074,3,grassland
91,911.0,657.0,1112.0,3996.0,2856.0,817.434,0.0010596514,0.043265305,0.6286937,-0.43951613,0.53063405,-0.16637477,8.0,73.0,17.0,10.0,50.0,21.0,10.0,54.0,22.0,25.0,48.0,19.0,9.8296385,5584980.805216603,-2402851.6389350058,3,grassland
92,911.0,657.0,1112.0,3996.0,2856.0,817.434,0.0010596514,0.043265305,0.6286937,-0.43951613,0.53063405,-0.16637477,8.0,73.0,17.0,10.0,50.0,21.0,10.0,54.0,22.0,25.0,48.0,19.0,9.8296385,5584994.304921012,-2402853.5136635783,3,grassland
93,1299.0,953.0,1302.0,3795.0,2604.0,874.3417,0.002090633,0.04808565,0.48998824,-0.33333334,0.4320881,-0.18612285,17.0,54.0,25.0,15.5,45.5,36.0,29.0,48.0,28.5,34.0,34.0,43.5,10.481017,5584904.118038763,-2402816.3845963753,3,grassland
94,1299.0,953.0,1302.0,3795.0,2604.0,874.3417,0.002090633,0.04808565,0.48998824,-0.33333334,0.4320881,-0.18612285,17.0,54.0,25.0,15.5,45.5,36.0,29.0,48.0,28.5,34.0,34.0,43.5,10.481017,5584894.519079623,-2402806.272735724,3,grassland
95,1299.0,953.0,1302.0,3795.0,2604.0,874.3417,0.002090633,0.04808565,0.48998824,-0.33333334,0.4320881,-0.18612285,17.0,54.0,25.0,15.5,45.5,36.0,29.0,48.0,28.5,34.0,34.0,43.5,10.481017,5584902.607588277,-2402826.860319561,3,grassland
96,1299.0,953.0,1302.0,3795.0,2604.0,874.3417,0.002090633,0.04808565,0.48998824,-0.33333334,0.4320881,-0.18612285,17.0,54.0,25.0,15.5,45.5,36.0,29.0,48.0,28.5,34.0,34.0,43.5,10.481017,5584897.079653853,-2402820.7856195527,3,grassland
97,1299.0,953.0,1302.0,3795.0,2604.0,874.3417,0.002090633,0.04808565,0.48998824,-0.33333334,0.4320881,-0.18612285,17.0,54.0,25.0,15.5,45.5,36.0,29.0,48.0,28.5,34.0,34.0,43.5,10.481017,5584904.247393126,-2402806.185808113,3,grassland
98,911.0,657.0,1112.0,3996.0,2856.0,817.434,0.0010596514,0.043265305,0.6286937,-0.43951613,0.53063405,-0.16637477,8.0,73.0,17.0,10.0,50.0,21.0,10.0,54.0,22.0,25.0,48.0,19.0,9.8296385,5584984.072627465,-2402831.142781985,3,grassland
99,911.0,657.0,1112.0,3996.0,2856.0,817.434,0.0010596514,0.043265305,0.6286937,-0.43951613,0.53063405,-0.16637477,8.0,73.0,17.0,10.0,50.0,21.0,10.0,54.0,22.0,25.0,48.0,19.0,9.8296385,5584985.930946671,-2402859.580345574,3,grassland
100,541.0,457.0,785.0,3470.0,2048.0,843.5689,0.0015691221,0.05497876,0.73024184,-0.44581714,0.55104035,-0.25770208,13.0,73.0,14.0,13.0,44.0,45.0,15.0,57.0,20.0,36.0,46.5,22.0,9.9582615,5585439.530765612,-2403543.2855815557,2,cropland
101,541.0,457.0,785.0,3470.0,2048.0,843.5689,0.0015691221,0.05497876,0.73024184,-0.44581714,0.55104035,-0.25770208,13.0,73.0,14.0,13.0,44.0,45.0,15.0,57.0,20.0,36.0,46.5,22.0,9.9582615,5585430.287722566,-2403529.918215418,2,cropland
102,462.0,407.0,779.0,4152.0,1970.0,764.2343,0.0007522702,0.04411815,0.7997399,-0.43324846,0.66503257,-0.35641944,9.0,79.0,14.0,15.5,46.5,42.0,11.0,61.5,19.0,37.0,45.5,19.5,8.9315815,5585436.977254964,-2403557.2714911965,2,cropland
103,462.0,407.0,779.0,4152.0,1970.0,764.2343,0.0007522702,0.04411815,0.7997399,-0.43324846,0.66503257,-0.35641944,9.0,79.0,14.0,15.5,46.5,42.0,11.0,61.5,19.0,37.0,45.5,19.5,8.9315815,5585447.051221396,-2403560.648389825,2,cropland
104,462.0,407.0,779.0,4152.0,1970.0,764.2343,0.0007522702,0.04411815,0.7997399,-0.43324846,0.66503257,-0.35641944,9.0,79.0,14.0,15.5,46.5,42.0,11.0,61.5,19.0,37.0,45.5,19.5,8.9315815,5585430.318213599,-2403559.1117751733,2,cropland
105,462.0,407.0,779.0,4152.0,1970.0,764.2343,0.0007522702,0.04411815,0.7997399,-0.43324846,0.66503257,-0.35641944,9.0,79.0,14.0,15.5,46.5,42.0,11.0,61.5,19.0,37.0,45.5,19.5,8.9315815,5585438.506430834,-2403568.574797121,2,cropland
106,468.0,360.0,606.0,3232.0,1744.0,863.56793,0.0022534132,0.06429418,0.7470271,-0.48425534,0.517991,-0.29903534,10.0,56.0,36.0,13.0,53.0,43.0,21.5,43.0,46.0,36.0,40.0,34.0,11.2983675,5585529.480303366,-2403657.8093130277,2,cropland
107,519.0,442.0,803.0,3501.0,1875.0,656.3396,0.00200665,0.032914836,0.74179107,-0.4002987,0.5605264,-0.30245537,8.0,66.0,24.0,13.0,54.0,39.0,11.5,46.0,44.0,28.0,40.5,23.0,10.414015,5585511.184034136,-2403665.128818789,2,cropland
108,468.0,360.0,606.0,3232.0,1744.0,863.56793,0.0022534132,0.06429418,0.7470271,-0.48425534,0.517991,-0.29903534,10.0,56.0,36.0,13.0,53.0,43.0,21.5,43.0,46.0,36.0,40.0,34.0,11.2983675,5585524.7526758965,-2403669.086174332,2,cropland
109,705.0,453.0,620.0,2406.0,1714.0,1040.009,0.0062677264,0.08780524,0.5467695,-0.46872324,0.3212222,-0.16796118,8.0,66.0,24.0,13.0,54.0,39.0,11.5,46.0,44.0,28.0,40.5,23.0,10.999603,5585518.169524125,-2403673.2410643334,2,cropland
110,468.0,360.0,606.0,3232.0,1744.0,863.56793,0.0022534132,0.06429418,0.7470271,-0.48425534,0.517991,-0.29903534,10.0,56.0,36.0,13.0,53.0,43.0,21.5,43.0,46.0,36.0,40.0,34.0,11.2983675,5585520.628152479,-2403663.4288456147,2,cropland
111,588.0,371.0,548.0,2397.0,1604.0,631.0876,0.0024158359,0.054034933,0.60603017,-0.4907063,0.3441126,-0.19820045,10.0,56.0,38.0,13.0,53.0,43.0,21.5,43.0,46.0,36.0,40.0,34.0,11.136268,5585526.092146367,-2403674.6031452976,2,cropland
112,705.0,453.0,620.0,2406.0,1714.0,1040.009,0.0062677264,0.08780524,0.5467695,-0.46872324,0.3212222,-0.16796118,8.0,66.0,24.0,13.0,54.0,39.0,11.5,46.0,44.0,28.0,40.5,23.0,10.999603,5585511.017180727,-2403674.170759946,2,cropland
113,547.0,451.0,783.0,3975.0,2194.0,762.61206,0.0018091202,0.042826537,0.7580717,-0.4739671,0.61767995,-0.28870156,8.0,66.0,24.0,13.0,54.0,39.0,11.5,46.0,44.0,28.0,40.5,23.0,10.235066,5585483.181798203,-2403673.2300413796,2,cropland
114,588.0,371.0,548.0,2397.0,1604.0,631.0876,0.0024158359,0.054034933,0.60603017,-0.4907063,0.3441126,-0.19820045,10.0,56.0,38.0,13.0,53.0,43.0,21.5,43.0,46.0,36.0,40.0,34.0,11.136268,5585520.063000482,-2403681.520320304,2,cropland
115,705.0,453.0,620.0,2406.0,1714.0,1040.009,0.0062677264,0.08780524,0.5467695,-0.46872324,0.3212222,-0.16796118,8.0,66.0,24.0,13.0,54.0,39.0,11.5,46.0,44.0,28.0,40.5,23.0,10.999603,5585492.3794289995,-2403685.208730149,2,cropland
116,705.0,453.0,620.0,2406.0,1714.0,1040.009,0.0062677264,0.08780524,0.5467695,-0.46872324,0.3212222,-0.16796118,8.0,66.0,24.0,13.0,54.0,39.0,11.5,46.0,44.0,28.0,40.5,23.0,10.999603,5585510.641646384,-2403683.914663674,2,cropland
117,588.0,371.0,548.0,2397.0,1604.0,631.0876,0.0024158359,0.054034933,0.60603017,-0.4907063,0.3441126,-0.19820045,10.0,56.0,38.0,13.0,53.0,43.0,21.5,43.0,46.0,36.0,40.0,34.0,11.136268,5585530.190189959,-2403686.51736457,2,cropland
118,547.0,451.0,783.0,3975.0,2194.0,762.61206,0.0018091202,0.042826537,0.7580717,-0.4739671,0.61767995,-0.28870156,8.0,66.0,24.0,13.0,54.0,39.0,11.5,46.0,44.0,28.0,40.5,23.0,10.235066,5585483.383022828,-2403686.430600191,2,cropland
119,459.0,365.0,593.0,2998.0,1674.0,1053.3279,0.003722012,0.08713522,0.7344519,-0.4768416,0.4877253,-0.2833904,7.0,66.0,24.0,13.0,54.0,39.0,11.5,46.0,44.0,28.0,40.5,23.0,8.985908,5585480.062746162,-2403662.905636931,2,cropland
120,628.0,495.0,885.0,3816.0,2278.0,1144.234,0.0013105273,0.06326101,0.71737176,-0.44040462,0.5745594,-0.2523794,22.0,57.0,16.0,32.0,51.5,18.5,28.0,53.0,24.0,31.0,37.0,30.5,8.319103,5585335.790681941,-2402955.043306385,2,cropland
121,628.0,495.0,885.0,3816.0,2278.0,1144.234,0.0013105273,0.06326101,0.71737176,-0.44040462,0.5745594,-0.2523794,22.0,57.0,16.0,32.0,51.5,18.5,28.0,53.0,24.0,31.0,37.0,30.5,8.319103,5585339.609549769,-2402954.918127918,2,cropland
122,576.0,433.0,731.0,3144.0,2112.0,1293.3976,0.004966557,0.07760762,0.69032264,-0.4857545,0.48080885,-0.19634703,21.0,57.0,25.0,23.0,50.5,30.5,24.0,53.0,25.5,38.0,35.5,30.0,8.815648,5585345.059922936,-2402955.087011784,2,cropland
123,576.0,433.0,731.0,3144.0,2112.0,1293.3976,0.004966557,0.07760762,0.69032264,-0.4857545,0.48080885,-0.19634703,21.0,57.0,25.0,23.0,50.5,30.5,24.0,53.0,25.5,38.0,35.5,30.0,8.815648,5585350.189679689,-2402956.0773367994,2,cropland
124,628.0,495.0,885.0,3816.0,2278.0,1144.234,0.0013105273,0.06326101,0.71737176,-0.44040462,0.5745594,-0.2523794,22.0,57.0,16.0,32.0,51.5,18.5,28.0,53.0,24.0,31.0,37.0,30.5,8.319103,5585337.021855704,-2402960.7953312797,2,cropland
125,576.0,433.0,731.0,3144.0,2112.0,1293.3976,0.004966557,0.07760762,0.69032264,-0.4857545,0.48080885,-0.19634703,21.0,57.0,25.0,23.0,50.5,30.5,24.0,53.0,25.5,38.0,35.5,30.0,8.815648,5585342.341334261,-2402960.505115755,2,cropland
126,576.0,433.0,731.0,3144.0,2112.0,1293.3976,0.004966557,0.07760762,0.69032264,-0.4857545,0.48080885,-0.19634703,21.0,57.0,25.0,23.0,50.5,30.5,24.0,53.0,25.5,38.0,35.5,30.0,8.815648,5585347.537502279,-2402959.987245444,2,cropland
127,576.0,433.0,731.0,3144.0,2112.0,1293.3976,0.004966557,0.07760762,0.69032264,-0.4857545,0.48080885,-0.19634703,21.0,57.0,25.0,23.0,50.5,30.5,24.0,53.0,25.5,38.0,35.5,30.0,8.815648,5585352.181607037,-2402960.2984035597,2,cropland
128,628.0,495.0,885.0,3816.0,2278.0,1144.234,0.0013105273,0.06326101,0.71737176,-0.44040462,0.5745594,-0.2523794,22.0,57.0,16.0,32.0,51.5,18.5,28.0,53.0,24.0,31.0,37.0,30.5,8.319103,5585336.894696953,-2402967.5186642534,2,cropland
129,576.0,433.0,731.0,3144.0,2112.0,1293.3976,0.004966557,0.07760762,0.69032264,-0.4857545,0.48080885,-0.19634703,21.0,57.0,25.0,23.0,50.5,30.5,24.0,53.0,25.5,38.0,35.5,30.0,8.815648,5585343.729960985,-2402967.5263047833,2,cropland
130,576.0,433.0,731.0,3144.0,2112.0,1293.3976,0.004966557,0.07760762,0.69032264,-0.4857545,0.48080885,-0.19634703,21.0,57.0,25.0,23.0,50.5,30.5,24.0,53.0,25.5,38.0,35.5,30.0,8.815648,5585349.982814409,-2402967.437186266,2,cropland
131,628.0,495.0,885.0,3816.0,2278.0,1144.234,0.0013105273,0.06326101,0.71737176,-0.44040462,0.5745594,-0.2523794,22.0,57.0,16.0,32.0,51.5,18.5,28.0,53.0,24.0,31.0,37.0,30.5,8.319103,5585336.352088915,-2402972.1703587533,2,cropland
132,576.0,433.0,731.0,3144.0,2112.0,1293.3976,0.004966557,0.07760762,0.69032264,-0.4857545,0.48080885,-0.19634703,21.0,57.0,25.0,23.0,50.5,30.5,24.0,53.0,25.5,38.0,35.5,30.0,8.815648,5585343.877901689,-2402972.039515614,2,cropland
133,576.0,433.0,731.0,3144.0,2112.0,1293.3976,0.004966557,0.07760762,0.69032264,-0.4857545,0.48080885,-0.19634703,21.0,57.0,25.0,23.0,50.5,30.5,24.0,53.0,25.5,38.0,35.5,30.0,8.815648,5585349.328279977,-2402972.208397148,2,cropland
134,576.0,433.0,731.0,3144.0,2112.0,1293.3976,0.004966557,0.07760762,0.69032264,-0.4857545,0.48080885,-0.19634703,21.0,57.0,25.0,23.0,50.5,30.5,24.0,53.0,25.5,38.0,35.5,30.0,8.815648,5585353.983768224,-2402972.866724367,2,cropland
135,670.0,486.0,929.0,3904.0,2471.0,999.0766,0.0036956072,0.053223956,0.7070398,-0.45352936,0.5662161,-0.22478431,11.0,71.0,19.0,20.5,57.0,24.0,14.5,60.5,22.0,34.0,45.0,20.0,8.525397,5585423.516346773,-2402987.732756352,2,cropland
136,620.0,489.0,864.0,4478.0,2805.0,1130.0339,0.0027181208,0.05730854,0.75676733,-0.529027,0.6637762,-0.22971305,11.0,71.0,19.0,20.5,57.0,24.0,14.5,60.5,22.0,34.0,45.0,20.0,8.334453,5585431.319131565,-2402988.9829663592,2,cropland
137,620.0,489.0,864.0,4478.0,2805.0,1130.0339,0.0027181208,0.05730854,0.75676733,-0.529027,0.6637762,-0.22971305,11.0,71.0,19.0,20.5,57.0,24.0,14.5,60.5,22.0,34.0,45.0,20.0,8.334453,5585437.773080058,-2402987.9604402827,2,cropland
138,620.0,489.0,864.0,4478.0,2805.0,1130.0339,0.0027181208,0.05730854,0.75676733,-0.529027,0.6637762,-0.22971305,11.0,71.0,19.0,20.5,57.0,24.0,14.5,60.5,22.0,34.0,45.0,20.0,8.334453,5585442.494971769,-2402987.1105458564,2,cropland
139,670.0,486.0,929.0,3904.0,2471.0,999.0766,0.0036956072,0.053223956,0.7070398,-0.45352936,0.5662161,-0.22478431,11.0,71.0,19.0,20.5,57.0,24.0,14.5,60.5,22.0,34.0,45.0,20.0,8.525397,5585425.348933109,-2402994.160149716,2,cropland
140,620.0,489.0,864.0,4478.0,2805.0,1130.0339,0.0027181208,0.05730854,0.75676733,-0.529027,0.6637762,-0.22971305,11.0,71.0,19.0,20.5,57.0,24.0,14.5,60.5,22.0,34.0,45.0,20.0,8.334453,5585430.791725702,-2402994.097557673,2,cropland
141,620.0,489.0,864.0,4478.0,2805.0,1130.0339,0.0027181208,0.05730854,0.75676733,-0.529027,0.6637762,-0.22971305,11.0,71.0,19.0,20.5,57.0,24.0,14.5,60.5,22.0,34.0,45.0,20.0,8.334453,5585436.285743287,-2402992.063872916,2,cropland
142,620.0,489.0,864.0,4478.0,2805.0,1130.0339,0.0027181208,0.05730854,0.75676733,-0.529027,0.6637762,-0.22971305,11.0,71.0,19.0,20.5,57.0,24.0,14.5,60.5,22.0,34.0,45.0,20.0,8.334453,5585438.753873679,-2402993.141432315,2,cropland
143,573.0,459.0,811.0,4193.0,2057.0,1564.707,0.002004832,0.077638686,0.75954676,-0.43444908,0.63784045,-0.34175998,9.0,74.0,16.0,13.5,57.5,29.5,18.0,51.0,34.0,23.5,45.5,48.5,9.415766,5585296.126965938,-2402716.8879147,2,cropland
144,573.0,459.0,811.0,4193.0,2057.0,1564.707,0.002004832,0.077638686,0.75954676,-0.43444908,0.63784045,-0.34175998,9.0,74.0,16.0,13.5,57.5,29.5,18.0,51.0,34.0,23.5,45.5,48.5,9.415766,5585296.893263615,-2402726.1304883407,2,cropland
145,573.0,459.0,811.0,4193.0,2057.0,1564.707,0.002004832,0.077638686,0.75954676,-0.43444908,0.63784045,-0.34175998,9.0,74.0,16.0,13.5,57.5,29.5,18.0,51.0,34.0,23.5,45.5,48.5,9.415766,5585297.750587074,-2402738.150392257,2,cropland
146,458.0,380.0,644.0,3769.0,1663.0,931.28827,0.001732856,0.056172032,0.78329784,-0.44169915,0.6056559,-0.38770247,8.0,74.0,16.0,14.0,58.0,18.0,16.0,61.0,23.0,24.0,43.0,36.5,10.993366,5585314.41453977,-2402737.6042404785,2,cropland
147,382.0,380.0,659.0,3682.0,1616.0,772.6733,0.0009596944,0.05227799,0.8120079,-0.42065933,0.6286194,-0.3899585,25.0,55.0,19.0,36.0,52.5,34.0,27.0,49.0,25.0,44.0,41.5,40.0,12.156337,5585320.765845625,-2402747.590542369,2,cropland
148,550.0,456.0,815.0,4323.0,2034.0,1136.1572,0.0017051101,0.05756139,0.77426636,-0.4278694,0.66412026,-0.3600755,15.0,60.0,22.0,23.0,56.0,22.0,16.0,51.0,33.0,32.0,41.0,46.5,9.972325,5585301.908812482,-2402751.915660256,2,cropland
149,382.0,380.0,659.0,3682.0,1616.0,772.6733,0.0009596944,0.05227799,0.8120079,-0.42065933,0.6286194,-0.3899585,25.0,55.0,19.0,36.0,52.5,34.0,27.0,49.0,25.0,44.0,41.5,40.0,12.156337,5585311.181742327,-2402752.0751284333,2,cropland
200,1014.0,987.0,1243.0,4115.0,2362.0,1095.6439,0.0028969646,0.06209089,0.6046013,-0.3104022,0.6058298,-0.27065,27.0,59.0,12.0,32.0,48.0,36.5,26.0,55.0,30.0,36.0,53.0,12.5,9.375486,5595209.074039863,-2403423.7370918845,4,buildup
201,587.0,447.0,670.0,3204.0,2129.0,1360.77,0.003586769,0.08075527,0.6903192,-0.5212576,0.48921376,-0.20157512,16.0,61.0,20.0,25.0,49.0,42.0,21.0,55.5,27.0,27.0,54.0,23.0,8.15759,5595322.848050003,-2403438.24485951,4,buildup
202,571.0,470.0,733.0,3576.0,2127.0,862.94617,0.0017916858,0.04843183,0.7246202,-0.48741263,0.5574312,-0.25407684,15.0,66.0,17.0,32.0,47.0,35.5,16.0,52.0,31.0,29.0,55.0,17.0,10.381152,5595238.712236118,-2403478.8145895554,4,buildup
203,618.0,534.0,829.0,3330.0,1955.0,859.786,0.0019870996,0.05883029,0.68693006,-0.40445402,0.52021796,-0.26017028,20.0,65.0,13.0,28.5,48.0,39.0,21.0,61.0,18.5,31.5,56.0,13.0,9.8572445,5595226.900479712,-2403388.622712824,4,buildup
204,415.0,386.0,669.0,4279.0,1899.0,696.91235,0.0006733537,0.034902856,0.8231785,-0.47897196,0.6962664,-0.38523793,11.0,72.0,17.0,28.5,51.0,33.5,12.5,64.0,19.0,22.0,56.0,17.0,12.3495655,5595174.993680317,-2403429.9705352983,4,buildup
205,656.0,546.0,811.0,3534.0,2321.0,1167.218,0.0030850768,0.060091108,0.6868735,-0.48212004,0.5379439,-0.20717335,13.0,63.0,18.0,21.5,51.0,38.5,20.0,58.0,26.0,34.5,54.0,16.0,8.988322,5595447.176009402,-2403491.3215194405,4,buildup
206,1829.0,1899.0,2011.0,3405.0,2498.0,989.5283,0.0035140514,0.050172586,0.30110812,-0.10800619,0.38869435,-0.1536507,14.0,68.0,14.0,25.0,53.0,35.0,14.5,63.0,23.0,23.0,55.0,17.5,8.319825,5595335.600979819,-2403508.0177568337,4,buildup
207,1185.0,727.0,936.0,3663.0,2015.0,759.34656,0.0020714402,0.043021273,0.5111386,-0.36563876,0.40436012,-0.29024303,12.0,64.0,23.0,30.5,45.0,42.0,12.0,58.0,30.0,19.5,52.0,25.0,12.362588,5595173.94599555,-2403523.6033839374,4,buildup
208,784.0,853.0,953.0,3115.0,1767.0,753.01624,0.0018774271,0.04656036,0.5978456,-0.29926473,0.51022196,-0.27611637,15.0,68.0,19.0,28.0,50.0,45.0,18.0,60.0,33.0,20.0,53.0,24.0,14.759873,5595136.331532421,-2403465.5480986084,4,buildup
209,889.0,749.0,1067.0,4451.0,2967.0,1070.376,0.0012019575,0.048776478,0.6670412,-0.47099653,0.6285513,-0.20005393,17.0,66.0,18.0,23.0,52.0,34.5,16.0,63.0,26.0,30.0,56.0,9.0,6.059508,5595442.775083903,-2403359.412665708,4,buildup
210,1095.0,1061.0,1273.0,3783.0,2377.0,1150.3505,0.0019471049,0.057624884,0.55104554,-0.30246577,0.54213226,-0.22824678,13.0,69.0,16.0,23.0,48.0,46.0,13.0,64.0,23.0,24.0,57.0,18.0,7.6953387,5595231.936732957,-2403331.230706899,4,buildup
211,548.0,440.0,749.0,3918.0,2074.0,838.2517,0.001175046,0.040987942,0.7545902,-0.46935883,0.60585356,-0.30774364,25.0,60.0,12.0,28.0,51.0,32.0,28.0,57.0,22.5,38.5,53.0,15.0,6.313865,5595480.054915438,-2403546.2905310043,4,buildup
212,671.0,590.0,900.0,3652.0,1898.0,941.3094,0.002806604,0.05699582,0.6895674,-0.3566833,0.56232554,-0.31603608,13.0,65.0,18.0,13.0,49.0,27.0,22.0,58.0,19.0,19.0,51.0,22.0,5.073145,5595694.102134803,-2403344.307416858,4,buildup
213,718.0,615.0,848.0,3648.0,2405.0,802.36395,0.0015260577,0.048296466,0.67109483,-0.4786351,0.5489564,-0.20535272,22.0,58.0,18.0,22.5,47.0,34.0,25.0,53.0,23.0,33.0,50.0,20.0,5.7105985,5595625.949886017,-2403350.05710411,4,buildup
214,1888.0,1812.0,2079.0,3443.0,2411.0,1529.3649,0.0035760403,0.07124634,0.2916901,-0.07394209,0.347688,-0.17628972,29.0,61.0,14.0,28.0,45.0,37.0,34.0,56.0,17.0,35.0,50.0,22.0,6.30392,5595720.158645883,-2403319.80689946,4,buildup
215,1194.0,1184.0,1378.0,3800.0,2418.0,894.8188,0.0014755428,0.04740996,0.5218262,-0.27397263,0.53914267,-0.22225796,45.0,53.0,8.0,44.0,46.0,69.5,48.0,47.0,26.0,44.5,49.0,63.5,8.371524,5595656.025852506,-2403334.9211843386,4,buildup
216,575.0,537.0,992.0,4145.0,2207.0,972.6912,0.00093632936,0.051219,0.75635594,-0.37980616,0.657822,-0.30510074,21.0,68.0,11.0,24.0,49.0,37.5,20.5,59.0,20.0,34.0,54.0,15.0,5.3560505,5595619.306133883,-2403296.761934005,4,buildup
217,889.0,696.0,955.0,3584.0,2325.0,918.4693,0.0016287565,0.047386125,0.6025039,-0.4176829,0.49186012,-0.21306479,22.0,65.0,13.0,23.0,49.5,31.0,25.0,58.0,15.5,35.0,51.0,15.0,5.2859178,5595639.107573086,-2403293.089347066,4,buildup
218,671.0,590.0,900.0,3652.0,1898.0,941.3094,0.002806604,0.05699582,0.6895674,-0.3566833,0.56232554,-0.31603608,13.0,65.0,18.0,13.0,49.0,27.0,22.0,58.0,19.0,19.0,51.0,22.0,5.073145,5595699.240262183,-2403359.4264744096,4,buildup
219,479.0,449.0,587.0,3285.0,1426.0,739.3179,0.0012522638,0.057643324,0.7454836,-0.4167909,0.5484111,-0.39460838,19.0,60.0,21.0,25.0,48.0,25.0,29.5,56.0,21.0,28.5,47.0,24.5,7.931132,5595701.825084291,-2403374.3990896214,4,buildup
220,1663.0,1562.0,1779.0,3447.0,2403.0,1185.9783,0.0024600625,0.064662956,0.34911937,-0.1492109,0.38087112,-0.17846154,31.0,54.0,13.0,26.0,49.0,35.0,39.0,50.0,15.0,36.0,46.0,21.0,6.241774,5595691.432367013,-2403326.7892375486,4,buildup
221,950.0,824.0,1152.0,3210.0,2007.0,1033.259,0.0028774738,0.06265031,0.5432692,-0.27065527,0.4438335,-0.2305923,22.0,65.0,13.0,23.0,49.5,31.0,25.0,58.0,15.5,35.0,51.0,15.0,5.2859178,5595687.574629996,-2403308.384026053,4,buildup
222,479.0,449.0,587.0,3285.0,1426.0,739.3179,0.0012522638,0.057643324,0.7454836,-0.4167909,0.5484111,-0.39460838,19.0,60.0,21.0,25.0,48.0,25.0,29.5,56.0,21.0,28.5,47.0,24.5,7.931132,5595706.315324779,-2403390.929846424,4,buildup
223,577.0,542.0,652.0,2671.0,1315.0,849.8695,0.0024912655,0.08146581,0.6447044,-0.33706152,0.43379182,-0.34019065,30.0,55.0,15.0,30.5,48.0,34.0,32.5,50.0,22.0,41.5,43.0,18.0,7.5966644,5595713.428417852,-2403409.6898269374,4,buildup
224,365.0,355.0,533.0,3613.0,1509.0,1049.9888,0.0018021464,0.072359,0.81649065,-0.47796282,0.6179369,-0.410777,15.0,58.0,24.0,24.0,46.0,36.0,20.0,54.0,30.5,28.5,46.0,26.5,6.501065,5595721.845068691,-2403425.8578744703,4,buildup
225,950.0,824.0,1152.0,3210.0,2007.0,1033.259,0.0028774738,0.06265031,0.5432692,-0.27065527,0.4438335,-0.2305923,22.0,65.0,13.0,23.0,49.5,31.0,25.0,58.0,15.5,35.0,51.0,15.0,5.2859178,5595682.675385569,-2403286.5384790534,4,buildup
226,834.0,726.0,937.0,2683.0,1871.0,922.0116,0.0025908947,0.06080984,0.5257321,-0.33262107,0.3775935,-0.17830479,19.0,60.0,25.0,25.0,47.0,38.0,22.0,54.0,26.0,33.0,51.0,22.5,7.053316,5595678.593982837,-2403268.3724436583,4,buildup
227,834.0,726.0,937.0,2683.0,1871.0,922.0116,0.0025908947,0.06080984,0.5257321,-0.33262107,0.3775935,-0.17830479,19.0,60.0,25.0,25.0,47.0,38.0,22.0,54.0,26.0,33.0,51.0,22.5,7.053316,5595675.052658075,-2403252.505137428,4,buildup
228,893.0,770.0,908.0,2540.0,2015.0,808.32275,0.0017867684,0.05992083,0.4797553,-0.3787205,0.33964366,-0.11525798,15.0,44.0,46.0,20.0,36.0,54.0,34.0,48.0,43.0,44.5,39.0,52.0,6.395573,5595671.31854326,-2403237.8026457727,4,buildup
229,893.0,770.0,908.0,2540.0,2015.0,808.32275,0.0017867684,0.05992083,0.4797553,-0.3787205,0.33964366,-0.11525798,15.0,44.0,46.0,20.0,36.0,54.0,34.0,48.0,43.0,44.5,39.0,52.0,6.395573,5595667.977760035,-2403221.0019773664,4,buildup
230,726.0,644.0,808.0,3029.0,2078.0,818.47516,0.0016510785,0.061356492,0.6133155,-0.44005546,0.4585822,-0.18621497,20.0,56.0,23.0,25.0,45.0,38.5,25.5,53.0,31.0,34.0,49.0,20.0,5.722336,5595665.693940665,-2403208.1044929055,4,buildup
231,2096.0,1911.0,2246.0,4175.0,3118.0,1079.897,0.002393484,0.04520764,0.33152607,-0.16256525,0.41852877,-0.14493348,20.0,39.0,41.0,35.0,35.0,52.5,32.0,40.0,40.0,42.0,37.0,49.0,5.1688685,5595703.207870433,-2403242.2985077663,4,buildup
232,1123.0,854.0,1292.0,4130.0,3374.0,1122.8448,0.0022540689,0.052536692,0.5724348,-0.4462066,0.51977456,-0.100746274,29.0,43.0,35.0,18.0,36.0,49.0,42.5,43.0,43.0,38.0,41.0,33.0,6.3627954,5595616.218386312,-2403238.9464494055,4,buildup
233,964.0,826.0,976.0,3536.0,3075.0,986.327,0.0014367998,0.052037872,0.57155555,-0.5181437,0.48990476,-0.06973225,28.0,60.0,7.0,30.0,49.0,32.5,28.5,57.0,21.0,39.0,50.0,14.0,5.346399,5595578.534953904,-2403206.611262957,4,buildup
234,1371.0,1347.0,1474.0,3657.0,3203.0,1089.7927,0.002602309,0.054598115,0.45465398,-0.36968142,0.4851237,-0.06618075,32.0,62.0,9.0,29.0,47.0,47.0,36.0,55.0,16.0,36.0,52.0,17.0,5.035068,5595574.292976669,-2403225.2866917,4,buildup
235,1662.0,1157.0,1638.0,4485.0,3600.0,914.24207,0.0024132133,0.038339816,0.4592484,-0.37457046,0.44725752,-0.10946195,29.0,42.0,40.0,18.0,32.0,55.0,31.0,44.0,37.5,45.0,38.0,47.0,8.171413,5595674.687823668,-2402998.6047286126,4,buildup
236,1906.0,1897.0,2106.0,3492.0,3156.0,1492.8258,0.002595067,0.07276215,0.29381257,-0.19954391,0.37054348,-0.050541516,32.0,44.0,28.0,29.0,39.0,47.5,35.5,45.0,28.0,37.0,44.0,38.5,6.1355324,5595557.288494061,-2403132.258172487,4,buildup
237,904.0,839.0,1029.0,3360.0,1907.0,1097.3579,0.0029211938,0.06596835,0.57598495,-0.2990463,0.4915342,-0.2758686,13.0,67.0,18.0,20.0,46.0,28.0,15.0,59.5,21.5,35.0,56.0,22.0,10.288204,5595724.676368863,-2403080.337964407,4,buildup
238,1209.0,1021.0,1287.0,3800.0,3061.0,813.58215,0.0023784637,0.037924893,0.51726896,-0.40800366,0.48352182,-0.10771022,17.0,56.0,23.0,20.5,49.0,28.5,26.0,52.0,24.0,33.5,48.0,20.0,8.171413,5595652.642092882,-2403004.4371563997,4,buildup
239,3371.0,3259.0,3595.0,3961.0,3033.0,1053.1351,0.0022286773,0.037681047,0.0804692,0.084791794,0.15136746,-0.13268518,26.0,42.0,37.0,18.0,32.0,55.0,31.0,44.0,37.5,45.0,38.0,47.0,6.311037,5595669.255925472,-2402960.7920943424,4,buildup
240,1463.0,1321.0,1550.0,3866.0,2841.0,985.55054,0.0036962628,0.047669053,0.45092887,-0.29401046,0.4716759,-0.1528254,24.0,57.0,18.0,20.5,49.0,28.5,26.0,52.0,24.0,33.5,48.0,20.0,6.311037,5595652.301307424,-2402966.454607014,4,buildup
241,1332.0,1251.0,1533.0,3966.0,2762.0,1041.3231,0.0022552311,0.04829406,0.49716878,-0.28614667,0.5236373,-0.17895365,18.0,60.0,22.0,21.5,47.0,39.0,19.5,57.0,24.0,30.0,51.0,18.0,8.172404,5595679.9227757985,-2403127.702571993,4,buildup
242,730.0,612.0,943.0,3158.0,1921.0,1123.7582,0.0018161535,0.075579226,0.6244856,-0.34148043,0.4687983,-0.2435519,11.0,59.0,25.0,20.5,48.0,33.5,14.0,56.0,29.5,31.0,53.0,24.0,6.167391,5595611.977611717,-2403077.1487800903,4,buildup
243,1943.0,1958.0,2139.0,4235.0,3096.0,966.4796,0.0023245513,0.03844672,0.37099385,-0.18280803,0.51124203,-0.15536763,34.0,64.0,18.0,31.0,40.0,49.0,33.0,63.0,50.0,40.0,54.0,51.0,9.054753,5595723.028204049,-2403142.017658721,4,buildup
244,883.0,782.0,1170.0,4500.0,2948.0,1161.0387,0.0013518333,0.05607429,0.6719302,-0.431763,0.6489988,-0.20837806,22.0,63.0,12.0,24.5,47.0,29.0,26.5,62.0,25.5,31.5,55.0,14.0,4.191854,5595585.937117246,-2403116.0118867885,4,buildup
245,757.0,615.0,985.0,4236.0,2546.0,1040.7684,0.0017814636,0.05630212,0.69677544,-0.44208437,0.6139917,-0.24918903,13.0,74.0,14.0,19.0,49.0,35.0,18.0,68.0,17.5,21.0,57.0,18.0,4.4326663,5595477.822305096,-2403194.681124971,4,buildup
246,1604.0,1521.0,1662.0,3833.0,2729.0,1363.7644,0.0043974817,0.05935955,0.40996876,-0.24299704,0.4624673,-0.16824143,19.0,61.0,21.0,25.5,43.0,29.0,25.0,57.0,31.5,32.0,49.0,21.0,8.03539,5595702.527603256,-2403208.0335598667,4,buildup
247,669.0,526.0,816.0,3815.0,2591.0,1138.4027,0.0019427538,0.07070845,0.7016057,-0.52098614,0.5664794,-0.1910709,29.0,56.0,18.0,27.0,43.0,39.5,36.0,51.0,34.0,39.0,50.0,39.0,7.0658097,5595737.797878507,-2403265.2380584786,4,buildup
248,1417.0,1204.0,1604.0,4717.0,3178.0,1105.8175,0.0017443895,0.050403435,0.537985,-0.32915094,0.58143634,-0.19493353,18.0,75.0,9.0,18.0,47.0,43.0,18.0,73.0,11.5,27.0,61.0,19.5,3.365517,5595400.912974943,-2403111.5277746255,4,buildup
249,723.0,601.0,948.0,3916.0,2326.0,839.56287,0.0008652508,0.050701365,0.6882948,-0.4208919,0.58069324,-0.25472608,17.0,60.0,23.0,18.0,46.0,42.0,18.5,58.0,25.0,39.0,52.0,24.0,5.8278117,5595557.993101455,-2402972.844751951,4,buildup
251,1310.0,1062.0,1338.0,2581.0,1775.0,1119.7133,0.0035056174,0.07606765,0.32665125,-0.14037904,0.25468898,-0.18503216,40.0,35.0,36.0,50.0,31.0,47.0,52.0,32.0,38.0,51.0,31.0,43.0,0.24838929,5590232.56490963,-2400740.3517854703,6,water
252,1257.0,1093.0,1177.0,1556.0,1589.0,384.0237,0.0015670657,0.03256942,0.10629221,-0.14895152,0.06857484,0.010492835,54.0,23.0,25.0,41.0,29.0,42.0,63.5,26.0,23.0,52.0,25.5,29.0,4.258929,5591073.608185289,-2401087.829987306,6,water
253,730.0,640.0,724.0,1516.0,1877.0,591.2034,0.0028754473,0.05227695,0.3499555,-0.44329104,0.17709085,0.10639552,57.0,24.0,24.0,41.0,29.0,42.0,63.5,26.0,23.0,52.0,25.5,29.0,4.258929,5591075.575726172,-2401093.0350740277,6,water
254,730.0,640.0,724.0,1516.0,1877.0,591.2034,0.0028754473,0.05227695,0.3499555,-0.44329104,0.17709085,0.10639552,57.0,24.0,24.0,41.0,29.0,42.0,63.5,26.0,23.0,52.0,25.5,29.0,4.258929,5591077.404167211,-2401099.2872176557,6,water
255,730.0,640.0,724.0,1516.0,1877.0,591.2034,0.0028754473,0.05227695,0.3499555,-0.44329104,0.17709085,0.10639552,57.0,24.0,24.0,41.0,29.0,42.0,63.5,26.0,23.0,52.0,25.5,29.0,4.258929,5591079.918299751,-2401108.759868455,6,water
256,730.0,640.0,724.0,1516.0,1877.0,591.2034,0.0028754473,0.05227695,0.3499555,-0.44329104,0.17709085,0.10639552,57.0,24.0,24.0,41.0,29.0,42.0,63.5,26.0,23.0,52.0,25.5,29.0,4.258929,5591082.0279117515,-2401116.5084822313,6,water
257,620.0,538.0,647.0,1606.0,1771.0,724.23395,0.0066017807,0.06545264,0.442947,-0.46484697,0.2183155,0.04885992,43.0,32.0,24.0,33.0,34.0,35.5,44.0,35.0,27.5,47.0,33.0,29.0,5.07829,5591085.0761068715,-2401126.368870699,6,water
258,620.0,538.0,647.0,1606.0,1771.0,724.23395,0.0066017807,0.06545264,0.442947,-0.46484697,0.2183155,0.04885992,43.0,32.0,24.0,33.0,34.0,35.5,44.0,35.0,27.5,47.0,33.0,29.0,5.07829,5591085.920661367,-2401134.391002338,6,water
259,620.0,538.0,647.0,1606.0,1771.0,724.23395,0.0066017807,0.06545264,0.442947,-0.46484697,0.2183155,0.04885992,43.0,32.0,24.0,33.0,34.0,35.5,44.0,35.0,27.5,47.0,33.0,29.0,5.07829,5591088.50265882,-2401142.4135679016,6,water
260,620.0,538.0,647.0,1606.0,1771.0,724.23395,0.0066017807,0.06545264,0.442947,-0.46484697,0.2183155,0.04885992,43.0,32.0,24.0,33.0,34.0,35.5,44.0,35.0,27.5,47.0,33.0,29.0,5.07829,5591092.980341961,-2401149.968016508,6,water
261,566.0,489.0,734.0,3217.0,1931.0,967.2163,0.0012256205,0.0591159,0.70076656,-0.44915575,0.511954,-0.24980575,20.0,64.0,14.0,23.0,41.0,45.5,21.0,60.0,18.5,33.0,51.5,42.0,6.9096303,5591088.232057738,-2401211.2537291567,6,water
262,566.0,489.0,734.0,3217.0,1931.0,967.2163,0.0012256205,0.0591159,0.70076656,-0.44915575,0.511954,-0.24980575,20.0,64.0,14.0,23.0,41.0,45.5,21.0,60.0,18.5,33.0,51.5,42.0,6.9096303,5591086.470139087,-2401216.640156215,6,water
263,428.0,438.0,686.0,3387.0,1871.0,1043.1223,0.0019343793,0.06695725,0.7756225,-0.4634337,0.5838595,-0.28832257,6.0,71.0,20.0,16.0,43.0,34.0,9.0,67.0,23.5,35.5,49.0,29.5,7.3138757,5591065.0207314845,-2401260.6409661877,6,water
264,428.0,438.0,686.0,3387.0,1871.0,1043.1223,0.0019343793,0.06695725,0.7756225,-0.4634337,0.5838595,-0.28832257,6.0,71.0,20.0,16.0,43.0,34.0,9.0,67.0,23.5,35.5,49.0,29.5,7.3138757,5591064.7837778,-2401267.4827355575,6,water
265,905.0,863.0,1069.0,3363.0,2129.0,942.7034,0.0030398369,0.05988466,0.5759138,-0.33145717,0.49876225,-0.22469044,10.0,71.0,22.0,12.5,42.0,38.0,11.0,61.0,27.0,34.0,52.5,23.5,7.642757,5591065.137252302,-2401272.9150204,6,water
266,764.0,649.0,968.0,2578.0,1685.0,1100.6826,0.0034571886,0.07952632,0.54278874,-0.2702601,0.36886415,-0.2094769,39.0,36.0,28.0,39.5,40.0,36.0,53.5,31.0,35.5,50.5,35.0,16.5,0.43181562,5590227.97023153,-2400745.0208013277,6,water
267,764.0,649.0,968.0,2578.0,1685.0,1100.6826,0.0034571886,0.07952632,0.54278874,-0.2702601,0.36886415,-0.2094769,39.0,36.0,28.0,39.5,40.0,36.0,53.5,31.0,35.5,50.5,35.0,16.5,0.43181562,5590223.12695196,-2400749.1768080886,6,water
268,764.0,649.0,968.0,2578.0,1685.0,1100.6826,0.0034571886,0.07952632,0.54278874,-0.2702601,0.36886415,-0.2094769,39.0,36.0,28.0,39.5,40.0,36.0,53.5,31.0,35.5,50.5,35.0,16.5,0.43181562,5590219.005151252,-2400752.382368352,6,water
269,764.0,649.0,968.0,2578.0,1685.0,1100.6826,0.0034571886,0.07952632,0.54278874,-0.2702601,0.36886415,-0.2094769,39.0,36.0,28.0,39.5,40.0,36.0,53.5,31.0,35.5,50.5,35.0,16.5,0.43181562,5590214.90054642,-2400756.108581905,6,water
270,693.0,615.0,885.0,2545.0,1649.0,1083.862,0.0041592717,0.07907123,0.571958,-0.30149963,0.3829453,-0.21363851,28.0,51.0,21.0,34.0,43.0,30.0,43.0,45.5,27.5,39.0,40.0,23.0,0.43181562,5590209.833502174,-2400760.5036338624,6,water
271,693.0,615.0,885.0,2545.0,1649.0,1083.862,0.0041592717,0.07907123,0.571958,-0.30149963,0.3829453,-0.21363851,28.0,51.0,21.0,34.0,43.0,30.0,43.0,45.5,27.5,39.0,40.0,23.0,0.43181562,5590205.833129366,-2400763.8789237905,6,water
272,693.0,615.0,885.0,2545.0,1649.0,1083.862,0.0041592717,0.07907123,0.571958,-0.30149963,0.3829453,-0.21363851,28.0,51.0,21.0,34.0,43.0,30.0,43.0,45.5,27.5,39.0,40.0,23.0,0.43181562,5590200.386494436,-2400767.3019836373,6,water
273,1006.0,788.0,1141.0,3467.0,2560.0,1326.4978,0.004324317,0.08537244,0.55019003,-0.3834099,0.4526227,-0.15048946,42.0,35.0,32.0,38.0,37.0,60.0,42.0,31.0,41.0,46.0,32.0,32.0,0.44096777,5590195.2926921155,-2400770.887129574,6,water
274,1006.0,788.0,1141.0,3467.0,2560.0,1326.4978,0.004324317,0.08537244,0.55019003,-0.3834099,0.4526227,-0.15048946,42.0,35.0,32.0,38.0,37.0,60.0,42.0,31.0,41.0,46.0,32.0,32.0,0.44096777,5590190.409270942,-2400773.8282771935,6,water
275,1006.0,788.0,1141.0,3467.0,2560.0,1326.4978,0.004324317,0.08537244,0.55019003,-0.3834099,0.4526227,-0.15048946,42.0,35.0,32.0,38.0,37.0,60.0,42.0,31.0,41.0,46.0,32.0,32.0,0.44096777,5590185.157198937,-2400777.8819584176,6,water
276,1006.0,788.0,1141.0,3467.0,2560.0,1326.4978,0.004324317,0.08537244,0.55019003,-0.3834099,0.4526227,-0.15048946,42.0,35.0,32.0,38.0,37.0,60.0,42.0,31.0,41.0,46.0,32.0,32.0,0.44096777,5590179.538914079,-2400781.368599098,6,water
277,1006.0,788.0,1141.0,3467.0,2560.0,1326.4978,0.004324317,0.08537244,0.55019003,-0.3834099,0.4526227,-0.15048946,42.0,35.0,32.0,38.0,37.0,60.0,42.0,31.0,41.0,46.0,32.0,32.0,0.44096777,5590174.329401693,-2400784.9575651214,6,water
278,1252.0,987.0,1148.0,2707.0,2896.0,1128.7208,0.004519105,0.06574985,0.36751705,-0.4322453,0.28381383,0.03373194,41.0,35.0,32.0,38.0,37.0,60.0,42.0,31.0,41.0,46.0,32.0,32.0,0.27966544,5590168.429502198,-2400788.6851603,6,water
279,708.0,607.0,797.0,2249.0,1642.0,860.44604,0.0025491714,0.07099005,0.5211363,-0.34645343,0.32253337,-0.15600106,21.0,48.0,29.0,27.0,43.0,42.0,29.0,47.5,30.0,29.0,44.0,35.0,1.7611434,5590161.844946941,-2400792.7249357607,6,water
280,708.0,607.0,797.0,2249.0,1642.0,860.44604,0.0025491714,0.07099005,0.5211363,-0.34645343,0.32253337,-0.15600106,21.0,48.0,29.0,27.0,43.0,42.0,29.0,47.5,30.0,29.0,44.0,35.0,1.7611434,5590152.821960834,-2400800.0884110755,6,water
281,330.0,318.0,457.0,3224.0,1553.0,764.8506,0.0019168556,0.05381036,0.8142938,-0.54527366,0.5643966,-0.34980112,14.0,72.0,16.0,28.0,54.0,37.0,33.0,58.0,29.0,26.0,56.0,23.5,4.214036,5596037.215760293,-2405839.050011216,6,water
282,330.0,318.0,457.0,3224.0,1553.0,764.8506,0.0019168556,0.05381036,0.8142938,-0.54527366,0.5643966,-0.34980112,14.0,72.0,16.0,28.0,54.0,37.0,33.0,58.0,29.0,26.0,56.0,23.5,4.214036,5596049.598599062,-2405842.1116866805,6,water
283,638.0,584.0,719.0,2068.0,1129.0,652.28284,0.004245937,0.05670582,0.5284553,-0.22186144,0.3104377,-0.29371285,17.0,60.0,24.0,27.5,50.0,24.0,16.0,56.0,29.0,37.0,44.0,25.5,3.2765026,5596093.559733402,-2405854.0811026427,6,water
284,464.0,448.0,576.0,2196.0,1098.0,740.2766,0.0058431327,0.07075626,0.6511279,-0.311828,0.3726334,-0.33333334,17.0,61.0,22.0,17.0,50.0,30.0,13.0,60.0,36.5,31.0,45.0,23.0,3.4671607,5596109.993281337,-2405860.4829253284,6,water
285,385.0,397.0,469.0,1116.0,699.0,618.3885,0.007155776,0.08536224,0.4870087,-0.1969178,0.1749055,-0.22975206,24.0,50.0,27.0,35.0,44.0,35.5,24.0,45.0,40.0,43.5,37.0,34.0,2.0352771,5596124.906598274,-2405862.996530749,6,water
350,431.0,435.0,885.0,4970.0,2121.0,858.8147,0.00082296133,0.043488782,0.8404,-0.41117766,0.7938923,-0.4017769,9.0,80.0,10.0,13.0,71.0,39.0,12.0,75.0,18.0,21.0,47.0,39.0,3.367443,5589252.379236897,-2400926.6378362523,5,baresoil
351,662.0,536.0,850.0,4500.0,2257.0,1628.0365,0.002576232,0.0743311,0.7435102,-0.45284843,0.6639219,-0.331952,7.0,70.0,22.0,15.0,56.0,29.5,7.0,69.0,23.0,10.0,32.0,42.5,2.4441931,5589178.135586924,-2400909.1634143605,5,baresoil
352,776.0,712.0,1009.0,4729.0,2257.0,885.2492,0.0017886162,0.043968536,0.71807444,-0.3821188,0.7036312,-0.35385054,8.0,77.0,17.0,7.0,56.0,38.0,11.5,70.5,18.0,20.5,31.0,60.5,3.6720643,5589188.716491103,-2400871.749203187,5,baresoil
353,776.0,712.0,1009.0,4729.0,2257.0,885.2492,0.0017886162,0.043968536,0.71807444,-0.3821188,0.7036312,-0.35385054,8.0,77.0,17.0,7.0,56.0,38.0,11.5,70.5,18.0,20.5,31.0,60.5,3.6720643,5589185.420889326,-2400877.1860051784,5,baresoil
354,694.0,576.0,902.0,4212.0,2316.0,1076.9678,0.0033672154,0.060118653,0.7170812,-0.43940338,0.62571144,-0.2904412,7.0,78.0,17.0,10.5,56.0,33.5,7.0,73.5,20.0,13.5,35.0,36.0,2.999068,5589183.984168597,-2400882.7931736815,5,baresoil
355,776.0,712.0,1009.0,4729.0,2257.0,885.2492,0.0017886162,0.043968536,0.71807444,-0.3821188,0.7036312,-0.35385054,8.0,77.0,17.0,7.0,56.0,38.0,11.5,70.5,18.0,20.5,31.0,60.5,3.6720643,5589198.572906702,-2400875.5940459985,5,baresoil
356,694.0,576.0,902.0,4212.0,2316.0,1076.9678,0.0033672154,0.060118653,0.7170812,-0.43940338,0.62571144,-0.2904412,7.0,78.0,17.0,10.5,56.0,33.5,7.0,73.5,20.0,13.5,35.0,36.0,2.999068,5589195.284938285,-2400881.262257054,5,baresoil
357,694.0,576.0,902.0,4212.0,2316.0,1076.9678,0.0033672154,0.060118653,0.7170812,-0.43940338,0.62571144,-0.2904412,7.0,78.0,17.0,10.5,56.0,33.5,7.0,73.5,20.0,13.5,35.0,36.0,2.999068,5589189.71342306,-2400887.9323994406,5,baresoil
358,662.0,536.0,850.0,4500.0,2257.0,1628.0365,0.002576232,0.0743311,0.7435102,-0.45284843,0.6639219,-0.331952,7.0,70.0,22.0,15.0,56.0,29.5,7.0,69.0,23.0,10.0,32.0,42.5,2.4441931,5589175.445137013,-2400904.8506149864,5,baresoil
359,694.0,576.0,902.0,4212.0,2316.0,1076.9678,0.0033672154,0.060118653,0.7170812,-0.43940338,0.62571144,-0.2904412,7.0,78.0,17.0,10.5,56.0,33.5,7.0,73.5,20.0,13.5,35.0,36.0,2.999068,5589193.690622264,-2400896.140954336,5,baresoil
360,629.0,529.0,911.0,4003.0,2287.0,1259.3589,0.0016598105,0.06336173,0.728411,-0.43026894,0.61081135,-0.27281398,9.0,68.0,21.0,7.0,49.0,33.5,12.0,64.0,22.5,12.5,37.0,49.0,2.85022,5589172.9581999695,-2400913.7356415987,5,baresoil
361,404.0,395.0,745.0,4321.0,2056.0,1200.7197,0.0011582375,0.06453874,0.8289947,-0.46804714,0.71050245,-0.3551827,8.0,78.0,12.0,11.0,54.0,37.0,11.0,69.0,17.5,12.5,38.0,49.0,3.3675764,5589186.156029289,-2400913.532124024,5,baresoil
362,629.0,529.0,911.0,4003.0,2287.0,1259.3589,0.0016598105,0.06336173,0.728411,-0.43026894,0.61081135,-0.27281398,9.0,68.0,21.0,7.0,49.0,33.5,12.0,64.0,22.5,12.5,37.0,49.0,2.85022,5589168.866671527,-2400923.1368983244,5,baresoil
363,629.0,529.0,911.0,4003.0,2287.0,1259.3589,0.0016598105,0.06336173,0.728411,-0.43026894,0.61081135,-0.27281398,9.0,68.0,21.0,7.0,49.0,33.5,12.0,64.0,22.5,12.5,37.0,49.0,2.85022,5589171.854702166,-2400936.4745864044,5,baresoil
364,603.0,479.0,763.0,3816.0,2160.0,1641.5901,0.0024750829,0.095144734,0.7270876,-0.4779336,0.58032006,-0.27710843,9.0,66.0,24.0,9.0,48.0,39.0,9.0,64.5,24.0,20.0,37.0,38.5,4.620549,5589147.439969419,-2400940.754485545,5,baresoil
365,603.0,479.0,763.0,3816.0,2160.0,1641.5901,0.0024750829,0.095144734,0.7270876,-0.4779336,0.58032006,-0.27710843,9.0,66.0,24.0,9.0,48.0,39.0,9.0,64.5,24.0,20.0,37.0,38.5,4.620549,5589142.313463114,-2400953.896426736,5,baresoil
366,504.0,462.0,743.0,3976.0,2053.0,1037.4413,0.00062537193,0.058157302,0.77500004,-0.4685265,0.6413004,-0.31895834,6.0,70.0,22.0,6.0,49.0,36.0,6.5,66.0,26.0,14.5,34.0,42.5,2.6315732,5589122.636108139,-2400933.232570538,5,baresoil
367,452.0,413.0,692.0,4077.0,1932.0,1261.2521,0.0009895265,0.07687354,0.80039746,-0.472561,0.661907,-0.35696456,8.0,74.0,15.0,12.0,47.0,45.5,8.0,69.0,21.0,25.0,36.0,35.0,5.513117,5589119.391361967,-2400947.2390964497,5,baresoil
368,715.0,569.0,892.0,4196.0,2161.0,1019.7117,0.0012130141,0.057980444,0.70881695,-0.4156568,0.61205465,-0.32011956,7.0,74.0,16.0,8.5,60.0,34.0,11.0,69.5,18.0,30.0,48.0,35.0,5.5523744,5589240.6618557,-2400971.734415994,5,baresoil
369,611.0,534.0,796.0,4782.0,2192.0,2782.601,0.0066535175,0.12518355,0.77341,-0.4672022,0.7219761,-0.37137944,17.0,80.0,19.0,23.0,46.5,61.5,19.0,76.0,24.0,30.0,41.0,42.5,91.38129,5591478.294777345,-2401757.2535392107,5,baresoil
370,741.0,583.0,856.0,4622.0,2187.0,3136.6975,0.0069675744,0.1446618,0.7236621,-0.4373973,0.66023606,-0.3576149,3.0,82.0,16.0,26.0,49.0,56.0,7.0,78.5,17.5,35.0,42.0,40.0,91.793915,5591513.688586475,-2401811.680894495,5,baresoil
371,563.0,518.0,785.0,4399.0,2008.0,2910.0723,0.0078080893,0.14022139,0.77307534,-0.4378804,0.6903254,-0.3731856,10.0,84.0,9.0,15.0,48.5,56.5,15.5,79.5,36.0,35.0,39.0,55.0,90.902176,5591516.8072116645,-2401800.9210329656,5,baresoil
372,572.0,502.0,796.0,4856.0,2202.0,3721.4402,0.006573677,0.1515042,0.7892409,-0.4689793,0.73745096,-0.3760272,14.0,82.0,13.0,14.0,48.5,57.0,17.0,77.5,20.5,31.5,39.0,50.0,91.38129,5591470.143372041,-2401783.93321444,5,baresoil
373,617.0,574.0,881.0,5150.0,2340.0,3861.3213,0.0065198243,0.15682817,0.786024,-0.45296493,0.7790266,-0.3751669,9.0,84.0,8.0,12.0,52.5,44.5,13.5,79.5,20.5,23.5,45.0,39.0,89.76174,5591442.243801746,-2401780.918794551,5,baresoil
374,542.0,520.0,737.0,4800.0,2270.0,2526.113,0.0058021545,0.11265747,0.79707974,-0.5098104,0.7521905,-0.35785004,15.0,81.0,8.0,16.5,44.5,48.0,16.0,76.5,18.0,24.0,44.0,48.0,89.76174,5591430.011206768,-2401775.300576219,5,baresoil
375,483.0,493.0,762.0,5432.0,2195.0,1367.1626,0.0018621981,0.06742488,0.8366864,-0.48461276,0.84554935,-0.42441326,6.0,85.0,13.0,13.5,50.5,56.0,8.0,75.5,14.5,26.5,44.0,27.0,81.411606,5591428.512402684,-2401786.0067785224,5,baresoil
376,572.0,502.0,796.0,4856.0,2202.0,3721.4402,0.006573677,0.1515042,0.7892409,-0.4689793,0.73745096,-0.3760272,14.0,82.0,13.0,14.0,48.5,57.0,17.0,77.5,20.5,31.5,39.0,50.0,91.38129,5591483.598990282,-2401805.495767297,5,baresoil
377,531.0,465.0,795.0,4603.0,2159.0,1758.7705,0.004963398,0.08611194,0.79314375,-0.46174684,0.71181345,-0.3614315,9.0,80.0,19.0,31.0,45.5,60.0,13.0,77.5,21.0,32.0,45.0,58.0,93.85126,5591547.24737912,-2401754.7383496915,5,baresoil
378,524.0,474.0,690.0,4221.0,2016.0,2133.579,0.006183505,0.116811216,0.77913594,-0.4900222,0.6692614,-0.35353535,7.0,84.0,7.0,18.5,47.0,57.0,13.5,79.5,35.5,31.5,44.0,58.0,93.85126,5591537.007445205,-2401809.286950168,5,baresoil
379,599.0,510.0,799.0,4618.0,2119.0,2241.0918,0.0067248344,0.110834025,0.7703661,-0.45236465,0.69837356,-0.37093666,14.0,82.0,24.0,18.0,45.0,60.5,15.0,77.0,24.0,28.0,42.0,45.5,90.902176,5591498.588414187,-2401761.4464437612,5,baresoil
380,525.0,525.0,794.0,5458.0,2216.0,1728.2871,0.001591593,0.07868299,0.8245027,-0.47242522,0.8406325,-0.42246544,5.0,83.0,13.0,18.0,45.0,53.0,7.0,77.5,16.0,22.0,44.0,42.5,81.411606,5591419.875105222,-2401777.026195817,5,baresoil
381,524.0,474.0,690.0,4221.0,2016.0,2133.579,0.006183505,0.116811216,0.77913594,-0.4900222,0.6692614,-0.35353535,7.0,84.0,7.0,18.5,47.0,57.0,13.5,79.5,35.5,31.5,44.0,58.0,93.85126,5591521.853759254,-2401792.413974262,5,baresoil
382,408.0,392.0,678.0,5351.0,2250.0,998.703,0.0016438365,0.049011555,0.85830873,-0.5368852,0.83165085,-0.4079726,9.0,80.0,19.0,31.0,45.5,60.0,13.0,77.5,21.0,32.0,45.0,58.0,98.25908,5591563.020109963,-2401762.3242009724,5,baresoil
383,611.0,534.0,796.0,4782.0,2192.0,2782.601,0.0066535175,0.12518355,0.77341,-0.4672022,0.7219761,-0.37137944,17.0,80.0,19.0,23.0,46.5,61.5,19.0,76.0,24.0,30.0,41.0,42.5,91.38129,5591480.21200675,-2401773.174885392,5,baresoil
384,611.0,534.0,796.0,4782.0,2192.0,2782.601,0.0066535175,0.12518355,0.77341,-0.4672022,0.7219761,-0.37137944,17.0,80.0,19.0,23.0,46.5,61.5,19.0,76.0,24.0,30.0,41.0,42.5,91.38129,5591462.332081672,-2401771.9136665827,5,baresoil
385,542.0,520.0,737.0,4800.0,2270.0,2526.113,0.0058021545,0.11265747,0.79707974,-0.5098104,0.7521905,-0.35785004,15.0,81.0,8.0,16.5,44.5,48.0,16.0,76.5,18.0,24.0,44.0,48.0,89.76174,5591432.5659184875,-2401768.4977118983,5,baresoil
386,240.0,267.0,441.0,4328.0,1783.0,1325.4762,0.0020060837,0.075557314,0.89492124,-0.6034172,0.7424359,-0.41646215,10.0,80.0,8.0,28.0,45.0,62.0,16.0,75.0,18.0,29.0,46.0,49.0,87.89655,5591529.261682758,-2401743.287487967,5,baresoil
387,858.0,594.0,885.0,4874.0,2022.0,2748.3044,0.0069542527,0.13498235,0.7006281,-0.39112487,0.644954,-0.4135731,18.0,74.0,25.0,32.0,48.5,52.0,7.0,71.5,27.0,22.5,49.0,34.0,90.278694,5591496.254787062,-2401851.872999097,5,baresoil
388,741.0,583.0,856.0,4622.0,2187.0,3136.6975,0.0069675744,0.1446618,0.7236621,-0.4373973,0.66023606,-0.3576149,3.0,82.0,16.0,26.0,49.0,56.0,7.0,78.5,17.5,35.0,42.0,40.0,91.793915,5591518.460929895,-2401822.8744226345,5,baresoil
389,563.0,538.0,837.0,5138.0,2100.0,2159.2266,0.0026738644,0.09285156,0.80249083,-0.43003064,0.78982806,-0.41972926,7.0,89.0,4.0,28.0,56.0,37.0,7.0,79.5,14.0,21.0,47.0,48.0,82.27266,5591434.708413971,-2401812.21140298,5,baresoil
390,408.0,392.0,678.0,5351.0,2250.0,998.703,0.0016438365,0.049011555,0.85830873,-0.5368852,0.83165085,-0.4079726,9.0,80.0,19.0,31.0,45.5,60.0,13.0,77.5,21.0,32.0,45.0,58.0,98.25908,5591573.098096066,-2401779.828551029,5,baresoil
391,555.0,539.0,802.0,4351.0,2404.0,879.12256,0.0013707876,0.043450933,0.77374643,-0.4996881,0.6958243,-0.28823093,9.0,70.0,19.0,22.0,52.0,47.0,9.5,69.0,21.0,21.5,60.0,23.0,26.08047,5593798.484438234,-2402477.8815982873,5,baresoil
392,555.0,539.0,802.0,4351.0,2404.0,879.12256,0.0013707876,0.043450933,0.77374643,-0.4996881,0.6958243,-0.28823093,9.0,70.0,19.0,22.0,52.0,47.0,9.5,69.0,21.0,21.5,60.0,23.0,26.08047,5593783.734560679,-2402494.1255705236,5,baresoil
393,555.0,539.0,802.0,4351.0,2404.0,879.12256,0.0013707876,0.043450933,0.77374643,-0.4996881,0.6958243,-0.28823093,9.0,70.0,19.0,22.0,52.0,47.0,9.5,69.0,21.0,21.5,60.0,23.0,26.08047,5593796.739829709,-2402495.0830651834,5,baresoil
394,1667.0,1568.0,1847.0,4338.0,2498.0,844.6091,0.0019330978,0.03817372,0.44479603,-0.14982739,0.53080285,-0.26916328,13.0,70.0,17.0,17.0,50.0,36.0,14.0,68.0,22.0,27.0,58.0,52.0,26.112911,5593788.284786079,-2402505.557664651,5,baresoil
395,1667.0,1568.0,1847.0,4338.0,2498.0,844.6091,0.0019330978,0.03817372,0.44479603,-0.14982739,0.53080285,-0.26916328,13.0,70.0,17.0,17.0,50.0,36.0,14.0,68.0,22.0,27.0,58.0,52.0,26.112911,5593798.744000107,-2402513.5498857074,5,baresoil
396,858.0,700.0,954.0,4018.0,2400.0,884.06104,0.0016169846,0.05222978,0.64807224,-0.43112704,0.56769186,-0.25210348,8.0,70.0,21.0,20.0,48.0,41.5,8.0,69.0,21.0,17.0,54.0,39.5,27.23876,5593808.71065512,-2402506.731698058,5,baresoil
397,720.0,580.0,871.0,4616.0,2245.0,1245.9951,0.0018157959,0.06537298,0.73013496,-0.44094995,0.6677636,-0.34557647,6.0,78.0,14.0,20.0,43.0,51.5,10.0,66.0,21.0,18.0,44.0,51.0,33.076645,5593687.129332487,-2402713.6020535054,5,baresoil
398,720.0,580.0,871.0,4616.0,2245.0,1245.9951,0.0018157959,0.06537298,0.73013496,-0.44094995,0.6677636,-0.34557647,6.0,78.0,14.0,20.0,43.0,51.5,10.0,66.0,21.0,18.0,44.0,51.0,33.076645,5593694.252645083,-2402718.809455443,5,baresoil
399,720.0,580.0,871.0,4616.0,2245.0,1245.9951,0.0018157959,0.06537298,0.73013496,-0.44094995,0.6677636,-0.34557647,6.0,78.0,14.0,20.0,43.0,51.5,10.0,66.0,21.0,18.0,44.0,51.0,33.076645,5593692.28891044,-2402725.9407415916,5,baresoil
403,1870.0,1691.0,2078.0,1427.0,951.0,1328.6826,0.01000917,0.09485815,-0.13436459,0.37206998,-0.11114458,-0.2001682,17.0,53.0,37.0,38.0,41.0,54.0,38.0,50.0,48.0,44.0,42.0,36.0,3.6426165,5594709.909573353,-2401661.986923836,5,baresoil
404,1870.0,1691.0,2078.0,1427.0,951.0,1328.6826,0.01000917,0.09485815,-0.13436459,0.37206998,-0.11114458,-0.2001682,17.0,53.0,37.0,38.0,41.0,54.0,38.0,50.0,48.0,44.0,42.0,36.0,3.6426165,5594715.231617373,-2401665.2845280995,5,baresoil
405,1870.0,1691.0,2078.0,1427.0,951.0,1328.6826,0.01000917,0.09485815,-0.13436459,0.37206998,-0.11114458,-0.2001682,17.0,53.0,37.0,38.0,41.0,54.0,38.0,50.0,48.0,44.0,42.0,36.0,3.6426165,5594719.273266459,-2401668.3931127684,5,baresoil
406,1870.0,1691.0,2078.0,1427.0,951.0,1328.6826,0.01000917,0.09485815,-0.13436459,0.37206998,-0.11114458,-0.2001682,17.0,53.0,37.0,38.0,41.0,54.0,38.0,50.0,48.0,44.0,42.0,36.0,3.6426165,5594727.202341388,-2401673.45714056,5,baresoil
407,1126.0,1411.0,1687.0,614.0,444.0,683.01135,0.00812608,0.069947876,-0.29425287,0.5832943,-0.18858196,-0.16068053,36.0,53.0,35.0,35.5,36.0,56.0,43.5,44.0,55.0,47.5,33.0,62.0,1.3599579,5594735.027279793,-2401678.872115809,5,baresoil
408,1126.0,1411.0,1687.0,614.0,444.0,683.01135,0.00812608,0.069947876,-0.29425287,0.5832943,-0.18858196,-0.16068053,36.0,53.0,35.0,35.5,36.0,56.0,43.5,44.0,55.0,47.5,33.0,62.0,1.3599579,5594739.335065802,-2401681.2768690716,5,baresoil
409,1126.0,1411.0,1687.0,614.0,444.0,683.01135,0.00812608,0.069947876,-0.29425287,0.5832943,-0.18858196,-0.16068053,36.0,53.0,35.0,35.5,36.0,56.0,43.5,44.0,55.0,47.5,33.0,62.0,1.3599579,5594740.891282356,-2401679.3138908832,5,baresoil
410,3998.0,3062.0,3720.0,5020.0,2595.0,1197.0198,0.0021691322,0.03917267,0.11332887,0.17814729,0.15925947,-0.3184504,27.0,53.0,37.0,21.0,41.0,52.0,29.5,49.0,49.0,42.0,47.0,24.5,5.954449,5594752.429997741,-2401690.164909534,5,baresoil
411,3998.0,3062.0,3720.0,5020.0,2595.0,1197.0198,0.0021691322,0.03917267,0.11332887,0.17814729,0.15925947,-0.3184504,27.0,53.0,37.0,21.0,41.0,52.0,29.5,49.0,49.0,42.0,47.0,24.5,5.954449,5594757.628651285,-2401693.234956955,5,baresoil
419,1757.0,1502.0,1835.0,4262.0,2196.0,1053.531,0.0021232367,0.05087161,0.41618213,-0.08955594,0.46255267,-0.31991327,14.0,36.0,64.0,54.0,38.5,57.0,51.0,39.0,59.0,44.0,33.0,68.0,0.0,5596154.1984924935,-2404489.9580544587,5,baresoil
425,1478.0,1282.0,1627.0,3190.0,1948.0,1042.3534,0.0029969215,0.057927094,0.36675236,-0.089790225,0.34396848,-0.24172829,28.0,46.0,47.0,55.5,34.0,59.0,33.5,43.5,56.0,43.5,36.0,47.0,1.6920873,5596555.42069592,-2405236.2669652025,5,baresoil
426,1478.0,1282.0,1627.0,3190.0,1948.0,1042.3534,0.0029969215,0.057927094,0.36675236,-0.089790225,0.34396848,-0.24172829,28.0,46.0,47.0,55.5,34.0,59.0,33.5,43.5,56.0,43.5,36.0,47.0,1.6920873,5596550.926179957,-2405230.0456096954,5,baresoil
427,1478.0,1282.0,1627.0,3190.0,1948.0,1042.3534,0.0029969215,0.057927094,0.36675236,-0.089790225,0.34396848,-0.24172829,28.0,46.0,47.0,55.5,34.0,59.0,33.5,43.5,56.0,43.5,36.0,47.0,1.6920873,5596556.627807216,-2405234.2571540605,5,baresoil
428,1478.0,1282.0,1627.0,3190.0,1948.0,1042.3534,0.0029969215,0.057927094,0.36675236,-0.089790225,0.34396848,-0.24172829,28.0,46.0,47.0,55.5,34.0,59.0,33.5,43.5,56.0,43.5,36.0,47.0,1.6920873,5596553.765380917,-2405231.804223477,5,baresoil
429,1478.0,1282.0,1627.0,3190.0,1948.0,1042.3534,0.0029969215,0.057927094,0.36675236,-0.089790225,0.34396848,-0.24172829,28.0,46.0,47.0,55.5,34.0,59.0,33.5,43.5,56.0,43.5,36.0,47.0,1.6920873,5596551.73274945,-2405233.3782514553,5,baresoil
430,1478.0,1282.0,1627.0,3190.0,1948.0,1042.3534,0.0029969215,0.057927094,0.36675236,-0.089790225,0.34396848,-0.24172829,28.0,46.0,47.0,55.5,34.0,59.0,33.5,43.5,56.0,43.5,36.0,47.0,1.6920873,5596553.627244944,-2405238.064691402,5,baresoil
431,1478.0,1282.0,1627.0,3190.0,1948.0,1042.3534,0.0029969215,0.057927094,0.36675236,-0.089790225,0.34396848,-0.24172829,28.0,46.0,47.0,55.5,34.0,59.0,33.5,43.5,56.0,43.5,36.0,47.0,1.6920873,5596557.8624189515,-2405236.532836804,5,baresoil
432,1478.0,1282.0,1627.0,3190.0,1948.0,1042.3534,0.0029969215,0.057927094,0.36675236,-0.089790225,0.34396848,-0.24172829,28.0,46.0,47.0,55.5,34.0,59.0,33.5,43.5,56.0,43.5,36.0,47.0,1.6920873,5596556.2926657675,-2405238.091382479,5,baresoil
433,1478.0,1282.0,1627.0,3190.0,1948.0,1042.3534,0.0029969215,0.057927094,0.36675236,-0.089790225,0.34396848,-0.24172829,28.0,46.0,47.0,55.5,34.0,59.0,33.5,43.5,56.0,43.5,36.0,47.0,1.6920873,5596556.968034055,-2405240.9650177085,5,baresoil
434,1035.0,1063.0,1289.0,2120.0,1620.0,1003.05145,0.0067584515,0.07810759,0.34389856,-0.11378479,0.2618875,-0.13368982,47.0,33.0,17.0,57.0,25.0,72.0,63.0,33.5,66.0,58.0,27.0,71.0,0.0,5596560.763555044,-2405240.142962741,5,baresoil
435,1035.0,1063.0,1289.0,2120.0,1620.0,1003.05145,0.0067584515,0.07810759,0.34389856,-0.11378479,0.2618875,-0.13368982,47.0,33.0,17.0,57.0,25.0,72.0,63.0,33.5,66.0,58.0,27.0,71.0,0.0,5596562.145260579,-2405246.8159904303,5,baresoil
436,1478.0,1282.0,1627.0,3190.0,1948.0,1042.3534,0.0029969215,0.057927094,0.36675236,-0.089790225,0.34396848,-0.24172829,28.0,46.0,47.0,55.5,34.0,59.0,33.5,43.5,56.0,43.5,36.0,47.0,1.6920873,5596551.637191501,-2405240.9116355367,5,baresoil
437,1035.0,1063.0,1289.0,2120.0,1620.0,1003.05145,0.0067584515,0.07810759,0.34389856,-0.11378479,0.2618875,-0.13368982,47.0,33.0,17.0,57.0,25.0,72.0,63.0,33.5,66.0,58.0,27.0,71.0,0.0,5596565.713621099,-2405249.592854467,5,baresoil
438,1035.0,1063.0,1289.0,2120.0,1620.0,1003.05145,0.0067584515,0.07810759,0.34389856,-0.11378479,0.2618875,-0.13368982,47.0,33.0,17.0,57.0,25.0,72.0,63.0,33.5,66.0,58.0,27.0,71.0,0.0,5596562.512180289,-2405250.8584355363,5,baresoil
439,1035.0,1063.0,1289.0,2120.0,1620.0,1003.05145,0.0067584515,0.07810759,0.34389856,-0.11378479,0.2618875,-0.13368982,47.0,33.0,17.0,57.0,25.0,72.0,63.0,33.5,66.0,58.0,27.0,71.0,0.0,5596560.830171544,-2405249.061113564,5,baresoil
440,1035.0,1063.0,1289.0,2120.0,1620.0,1003.05145,0.0067584515,0.07810759,0.34389856,-0.11378479,0.2618875,-0.13368982,47.0,33.0,17.0,57.0,25.0,72.0,63.0,33.5,66.0,58.0,27.0,71.0,0.0,5596567.087995973,-2405259.509906625,5,baresoil
442,644.0,617.0,964.0,3895.0,1691.0,961.2619,0.0032010674,0.05739394,0.7162371,-0.27382296,0.6189316,-0.3945578,17.0,59.0,24.0,42.0,43.0,26.0,20.0,57.5,37.5,47.0,46.0,38.0,2.749304,5596643.893402072,-2405463.7323377295,5,baresoil
443,644.0,617.0,964.0,3895.0,1691.0,961.2619,0.0032010674,0.05739394,0.7162371,-0.27382296,0.6189316,-0.3945578,17.0,59.0,24.0,42.0,43.0,26.0,20.0,57.5,37.5,47.0,46.0,38.0,2.749304,5596642.1640372835,-2405453.5953624193,5,baresoil
444,491.0,509.0,849.0,3672.0,1621.0,920.58575,0.002851218,0.05329357,0.76411235,-0.3125506,0.62126476,-0.3874929,18.0,72.0,12.0,22.5,50.0,21.0,23.0,65.0,23.5,37.0,50.0,16.5,1.9815657,5596645.182236248,-2405436.4643843956,5,baresoil
445,491.0,509.0,849.0,3672.0,1621.0,920.58575,0.002851218,0.05329357,0.76411235,-0.3125506,0.62126476,-0.3874929,18.0,72.0,12.0,22.5,50.0,21.0,23.0,65.0,23.5,37.0,50.0,16.5,1.9815657,5596642.099074319,-2405427.415370926,5,baresoil
446,491.0,509.0,849.0,3672.0,1621.0,920.58575,0.002851218,0.05329357,0.76411235,-0.3125506,0.62126476,-0.3874929,18.0,72.0,12.0,22.5,50.0,21.0,23.0,65.0,23.5,37.0,50.0,16.5,1.9815657,5596641.619845016,-2405420.0169933448,5,baresoil
447,491.0,509.0,849.0,3672.0,1621.0,920.58575,0.002851218,0.05329357,0.76411235,-0.3125506,0.62126476,-0.3874929,18.0,72.0,12.0,22.5,50.0,21.0,23.0,65.0,23.5,37.0,50.0,16.5,1.9815657,5596641.30623967,-2405410.64362592,5,baresoil
448,1781.0,1452.0,1854.0,2603.0,1753.0,1139.0118,0.005409032,0.06749597,0.1875,0.028001087,0.16573916,-0.19513316,23.0,57.0,26.0,46.0,42.5,37.0,32.5,47.0,53.0,38.0,37.0,24.5,1.9815657,5596635.22554119,-2405398.5669607287,5,baresoil
449,1781.0,1452.0,1854.0,2603.0,1753.0,1139.0118,0.005409032,0.06749597,0.1875,0.028001087,0.16573916,-0.19513316,23.0,57.0,26.0,46.0,42.5,37.0,32.5,47.0,53.0,38.0,37.0,24.5,1.9815657,5596637.338199436,-2405388.9965800066,5,baresoil
450,727.0,592.0,847.0,3758.0,1964.0,936.7361,0.0016317666,0.056170955,0.6758083,-0.39736748,0.55391085,-0.31352675,15.0,60.0,24.0,23.0,53.0,27.0,15.0,58.0,29.0,30.0,47.0,23.0,2.903758,5596619.2402612455,-2405363.999238463,5,baresoil
451,727.0,592.0,847.0,3758.0,1964.0,936.7361,0.0016317666,0.056170955,0.6758083,-0.39736748,0.55391085,-0.31352675,15.0,60.0,24.0,23.0,53.0,27.0,15.0,58.0,29.0,30.0,47.0,23.0,2.903758,5596618.864732743,-2405352.7743743244,5,baresoil
452,1322.0,1223.0,1410.0,3051.0,1964.0,999.254,0.0036180615,0.06200344,0.39538074,-0.16419679,0.36598784,-0.21674973,29.0,54.0,17.0,38.0,43.0,35.0,31.5,55.0,31.0,42.0,47.0,21.0,3.150853,5596619.809006844,-2405346.371049704,5,baresoil
453,1322.0,1223.0,1410.0,3051.0,1964.0,999.254,0.0036180615,0.06200344,0.39538074,-0.16419679,0.36598784,-0.21674973,29.0,54.0,17.0,38.0,43.0,35.0,31.5,55.0,31.0,42.0,47.0,21.0,3.150853,5596619.144813162,-2405340.369087555,5,baresoil
454,1322.0,1223.0,1410.0,3051.0,1964.0,999.254,0.0036180615,0.06200344,0.39538074,-0.16419679,0.36598784,-0.21674973,29.0,54.0,17.0,38.0,43.0,35.0,31.5,55.0,31.0,42.0,47.0,21.0,3.150853,5596618.57698357,-2405333.7846555095,5,baresoil
455,1322.0,1223.0,1410.0,3051.0,1964.0,999.254,0.0036180615,0.06200344,0.39538074,-0.16419679,0.36598784,-0.21674973,29.0,54.0,17.0,38.0,43.0,35.0,31.5,55.0,31.0,42.0,47.0,21.0,3.150853,5596619.474801751,-2405325.992697591,5,baresoil
456,793.0,732.0,1040.0,2893.0,1643.0,767.5151,0.0015634894,0.057132382,0.56972325,-0.22474839,0.43170792,-0.2755732,18.0,56.0,28.0,22.5,39.0,35.0,21.5,54.0,36.5,43.0,41.0,17.5,2.3810647,5596618.18555425,-2405318.621459108,5,baresoil
457,793.0,732.0,1040.0,2893.0,1643.0,767.5151,0.0015634894,0.057132382,0.56972325,-0.22474839,0.43170792,-0.2755732,18.0,56.0,28.0,22.5,39.0,35.0,21.5,54.0,36.5,43.0,41.0,17.5,2.3810647,5596617.714090777,-2405311.4545639274,5,baresoil
458,793.0,732.0,1040.0,2893.0,1643.0,767.5151,0.0015634894,0.057132382,0.56972325,-0.22474839,0.43170792,-0.2755732,18.0,56.0,28.0,22.5,39.0,35.0,21.5,54.0,36.5,43.0,41.0,17.5,2.3810647,5596604.2506114915,-2405300.320027553,5,baresoil
460,910.0,867.0,1126.0,3207.0,1822.0,997.0591,0.0036477745,0.07173307,0.5579305,-0.23609228,0.47207037,-0.27540264,21.0,65.0,16.0,45.0,50.0,32.0,25.0,60.0,22.5,40.5,40.0,23.5,2.078444,5596584.3628416965,-2405273.760737279,5,baresoil
461,910.0,867.0,1126.0,3207.0,1822.0,997.0591,0.0036477745,0.07173307,0.5579305,-0.23609228,0.47207037,-0.27540264,21.0,65.0,16.0,45.0,50.0,32.0,25.0,60.0,22.5,40.5,40.0,23.5,2.078444,5596578.209518363,-2405266.4363772706,5,baresoil
462,743.0,656.0,961.0,3874.0,2184.0,1140.9393,0.0019016266,0.062315326,0.678146,-0.38887122,0.5836192,-0.27896994,18.0,63.0,15.0,32.0,50.0,30.0,24.0,52.0,26.0,22.0,55.0,25.0,3.0904603,5596206.352606729,-2405797.191159303,4,buildup
463,556.0,510.0,746.0,3053.0,1806.0,820.4734,0.0018452406,0.05358464,0.6918814,-0.4153605,0.4968561,-0.25663716,11.0,66.0,23.0,17.5,55.0,24.0,15.0,54.0,32.0,21.0,55.0,23.0,4.865452,5596083.424842824,-2405821.227854883,4,buildup
464,424.0,429.0,551.0,2082.0,1265.0,753.1511,0.0058555603,0.0648136,0.66161215,-0.39317176,0.36332554,-0.2440992,13.0,61.0,21.0,30.5,52.0,28.5,17.0,53.0,31.5,32.5,49.0,30.5,5.0598288,5596070.372890116,-2405839.7373418813,4,buildup
465,424.0,429.0,551.0,2082.0,1265.0,753.1511,0.0058555603,0.0648136,0.66161215,-0.39317176,0.36332554,-0.2440992,13.0,61.0,21.0,30.5,52.0,28.5,17.0,53.0,31.5,32.5,49.0,30.5,5.0598288,5596062.103967829,-2405855.769874712,4,buildup
466,667.0,614.0,713.0,2503.0,1307.0,625.3683,0.003290236,0.053868897,0.5791798,-0.29405943,0.3857143,-0.31391072,7.0,69.0,23.0,18.0,52.0,26.0,13.5,56.0,32.0,28.0,52.0,25.5,4.338706,5596056.565999386,-2405870.320880867,4,buildup
467,582.0,520.0,857.0,4186.0,2333.0,993.3478,0.001542747,0.053835526,0.7558725,-0.4626959,0.65394104,-0.28424603,7.0,74.0,16.0,21.0,57.0,16.0,11.0,69.0,17.0,24.0,62.0,22.5,4.8427,5596106.419940738,-2405788.251868172,4,buildup
468,486.0,432.0,656.0,3520.0,1787.0,897.38586,0.0015119314,0.059361197,0.757364,-0.46295536,0.5747954,-0.32654986,8.0,70.0,19.0,17.5,56.0,21.0,11.5,63.5,23.0,20.0,61.0,21.0,2.8209026,5596116.316670517,-2405772.3966765916,4,buildup
469,562.0,488.0,750.0,3512.0,1992.0,1012.48584,0.0015450716,0.057199202,0.7241041,-0.45295402,0.55769813,-0.2761628,9.0,70.0,18.0,19.0,55.0,21.0,14.0,65.0,22.0,13.5,64.0,19.0,3.490988,5596126.275286012,-2405758.393076988,4,buildup
470,562.0,488.0,750.0,3512.0,1992.0,1012.48584,0.0015450716,0.057199202,0.7241041,-0.45295402,0.55769813,-0.2761628,9.0,70.0,18.0,19.0,55.0,21.0,14.0,65.0,22.0,13.5,64.0,19.0,3.490988,5596135.894110413,-2405741.15696376,4,buildup
471,724.0,629.0,839.0,2843.0,1925.0,797.00543,0.0018184781,0.0512396,0.5940566,-0.3929088,0.42483658,-0.19253357,11.0,68.0,20.0,16.0,54.0,27.0,17.0,61.5,29.0,22.0,53.0,22.0,4.3015757,5596146.076404541,-2405726.914200615,4,buildup
472,609.0,548.0,882.0,3581.0,2186.0,869.5198,0.0016903281,0.044969425,0.70930785,-0.4250326,0.56609523,-0.24189353,11.0,70.0,16.0,23.0,53.0,21.5,19.0,65.0,28.0,19.0,57.0,21.0,2.3952658,5596157.47712821,-2405707.5331921093,4,buildup
473,898.0,825.0,987.0,2952.0,2273.0,673.46173,0.0020098686,0.04393202,0.53350645,-0.39447853,0.42254677,-0.12995213,30.0,52.0,12.0,37.0,49.0,21.5,38.0,51.0,20.0,36.5,48.0,19.0,3.6557767,5596190.826537254,-2405686.2598439595,4,buildup
474,690.0,536.0,854.0,3940.0,2364.0,968.65967,0.0016336441,0.052838966,0.7019438,-0.46923554,0.5778805,-0.25,16.0,67.0,13.0,22.0,52.0,32.5,20.0,65.0,17.5,25.5,51.0,18.0,10.569151,5595987.880425854,-2406047.5572590376,4,buildup
475,772.0,603.0,950.0,3061.0,1547.0,1040.2814,0.0024206638,0.062481485,0.5971824,-0.2390869,0.43449378,-0.32855907,21.0,61.0,15.0,22.0,46.0,40.0,26.0,55.5,25.5,27.0,48.0,15.0,3.4129245,5596020.856215555,-2406063.601490798,4,buildup
476,2269.0,2163.0,2821.0,575.0,361.0,1235.7145,0.008755207,0.11020643,-0.59563994,0.77309865,-0.531601,-0.22863248,53.0,28.0,72.0,58.0,30.0,67.5,53.0,50.0,54.5,46.0,32.0,67.0,0.0,5596056.766981462,-2406111.9870513054,5,baresoil
477,2897.0,2349.0,2857.0,2494.0,1326.0,2176.02,0.005312979,0.119742006,-0.074754216,0.36600527,-0.08218786,-0.3057592,35.0,47.0,42.0,47.0,32.0,67.0,37.0,53.0,31.0,30.0,30.0,60.0,2.8187747,5596361.862691813,-2406200.029695959,5,baresoil
478,910.0,715.0,1164.0,4077.0,2948.0,871.8732,0.0017067194,0.04855049,0.6350512,-0.43385214,0.55857354,-0.16071174,20.0,73.0,5.0,30.0,45.0,38.0,21.0,70.0,29.0,26.5,46.0,44.0,5.045853,5596121.220712262,-2406709.0466054454,3,grassland
479,909.0,698.0,1131.0,4256.0,3348.0,944.908,0.0014014542,0.050557345,0.6480155,-0.49497658,0.57806563,-0.11941082,12.0,78.0,9.0,16.0,43.0,55.0,19.0,70.0,30.0,20.0,50.0,31.0,2.8388314,5596143.8759205025,-2406735.1683152765,3,grassland
480,1003.0,722.0,1144.0,4090.0,3399.0,1035.3691,0.0015761852,0.055274025,0.6061261,-0.49636802,0.5252502,-0.09226869,14.0,66.0,8.0,15.0,41.0,42.5,18.0,66.0,22.5,30.0,44.0,30.5,2.8388314,5596166.593131705,-2406763.1417037295,3,grassland
481,691.0,561.0,824.0,3353.0,1823.0,1212.018,0.0023584962,0.077335216,0.65825915,-0.3774084,0.500696,-0.29559505,12.0,62.0,28.0,18.0,33.0,47.0,15.0,62.5,26.5,16.5,44.0,30.0,2.6515677,5596172.666728988,-2406709.1797393695,3,grassland
482,1010.0,734.0,1158.0,4140.0,3378.0,949.23486,0.0012491941,0.04904884,0.607767,-0.489418,0.532494,-0.10135675,31.0,65.0,5.0,34.0,41.0,48.0,33.5,62.0,29.0,31.5,43.0,30.0,3.3738062,5596118.325473321,-2406761.048527701,3,grassland
483,977.0,715.0,1155.0,4101.0,3135.0,899.96826,0.0020174384,0.045206733,0.6152029,-0.46153843,0.5349132,-0.1334992,17.0,62.0,19.0,24.5,41.0,38.0,19.0,58.0,24.5,28.0,42.0,16.0,2.674447,5596113.222470677,-2406802.4653189504,3,grassland
484,1030.0,723.0,1139.0,3997.0,3372.0,856.32263,0.0018822849,0.043242358,0.5902129,-0.49501216,0.502728,-0.084814765,18.0,63.0,20.0,25.0,40.0,52.5,19.0,60.0,26.0,29.0,42.0,28.5,3.314406,5596168.9589350065,-2406806.1624411587,3,grassland
485,1003.0,722.0,1144.0,4090.0,3399.0,1035.3691,0.0015761852,0.055274025,0.6061261,-0.49636802,0.5252502,-0.09226869,14.0,66.0,8.0,15.0,41.0,42.5,18.0,66.0,22.5,30.0,44.0,30.5,2.8388314,5596140.347530914,-2406782.093648816,3,grassland
486,2185.0,1618.0,2023.0,3245.0,1742.0,1385.702,0.004714668,0.08060465,0.19521178,0.07463479,0.18635724,-0.30138358,17.0,61.0,24.0,30.0,35.0,66.0,19.0,61.0,33.0,31.0,42.0,44.0,3.234633,5596049.542233729,-2406970.0440120585,5,baresoil
487,2185.0,1618.0,2023.0,3245.0,1742.0,1385.702,0.004714668,0.08060465,0.19521178,0.07463479,0.18635724,-0.30138358,17.0,61.0,24.0,30.0,35.0,66.0,19.0,61.0,33.0,31.0,42.0,44.0,3.234633,5596041.927913536,-2406977.9454990225,5,baresoil
488,2185.0,1618.0,2023.0,3245.0,1742.0,1385.702,0.004714668,0.08060465,0.19521178,0.07463479,0.18635724,-0.30138358,17.0,61.0,24.0,30.0,35.0,66.0,19.0,61.0,33.0,31.0,42.0,44.0,3.234633,5596033.140785867,-2406985.4227631898,5,baresoil
489,2185.0,1618.0,2023.0,3245.0,1742.0,1385.702,0.004714668,0.08060465,0.19521178,0.07463479,0.18635724,-0.30138358,17.0,61.0,24.0,30.0,35.0,66.0,19.0,61.0,33.0,31.0,42.0,44.0,3.234633,5596023.173108857,-2406992.244338437,5,baresoil
490,3474.0,2456.0,3110.0,3684.0,2217.0,1389.4462,0.0016120076,0.060802665,0.0293378,0.16763656,0.03259249,-0.24860196,30.0,34.0,65.0,41.5,33.0,66.5,34.5,43.0,54.0,40.5,33.0,65.0,3.0070145,5596010.975926405,-2407001.689421885,5,baresoil
491,3474.0,2456.0,3110.0,3684.0,2217.0,1389.4462,0.0016120076,0.060802665,0.0293378,0.16763656,0.03259249,-0.24860196,30.0,34.0,65.0,41.5,33.0,66.5,34.5,43.0,54.0,40.5,33.0,65.0,3.0070145,5596001.270655477,-2407009.4291116586,5,baresoil
492,3474.0,2456.0,3110.0,3684.0,2217.0,1389.4462,0.0016120076,0.060802665,0.0293378,0.16763656,0.03259249,-0.24860196,30.0,34.0,65.0,41.5,33.0,66.5,34.5,43.0,54.0,40.5,33.0,65.0,3.0070145,5595990.184329111,-2407017.4467068566,5,baresoil
493,999.0,884.0,1080.0,3338.0,2316.0,1104.7108,0.0016050935,0.06458031,0.53931284,-0.36395758,0.46036053,-0.18075696,20.0,61.0,19.0,31.0,44.0,40.0,20.0,55.0,27.0,26.0,53.0,16.0,12.25024,5595622.193058212,-2406843.6748275445,5,baresoil
494,564.0,468.0,845.0,4606.0,2348.0,1266.9718,0.00202623,0.059678443,0.7818182,-0.4707172,0.69785905,-0.32470518,14.0,78.0,10.0,16.0,43.5,34.0,22.0,46.0,35.0,20.0,37.0,60.0,13.320327,5588858.726500895,-2407385.1795000685,5,baresoil
495,564.0,468.0,845.0,4606.0,2348.0,1266.9718,0.00202623,0.059678443,0.7818182,-0.4707172,0.69785905,-0.32470518,14.0,78.0,10.0,16.0,43.5,34.0,22.0,46.0,35.0,20.0,37.0,60.0,13.320327,5588850.469222366,-2407387.769741591,5,baresoil
496,499.0,396.0,790.0,4896.0,2279.0,1769.452,0.0017078519,0.07282252,0.81501395,-0.48517433,0.73676276,-0.3647387,8.0,72.0,16.0,22.0,43.0,48.0,17.0,50.0,30.5,26.5,41.0,66.0,14.09287,5588869.233172854,-2407317.394523417,5,baresoil
497,597.0,465.0,820.0,4541.0,2338.0,1644.8718,0.003862381,0.07745823,0.7676138,-0.48068392,0.6737043,-0.32025006,11.0,76.0,14.0,21.0,46.5,43.0,28.5,44.0,38.0,24.0,37.0,67.0,13.556815,5588867.484163233,-2407334.6014292846,5,baresoil
498,597.0,465.0,820.0,4541.0,2338.0,1644.8718,0.003862381,0.07745823,0.7676138,-0.48068392,0.6737043,-0.32025006,11.0,76.0,14.0,21.0,46.5,43.0,28.5,44.0,38.0,24.0,37.0,67.0,13.556815,5588865.846353356,-2407341.144398523,5,baresoil
499,563.0,430.0,743.0,4289.0,2453.0,1508.9772,0.0036292076,0.0684933,0.7679308,-0.53504384,0.6449938,-0.27232277,10.0,74.0,18.0,9.0,44.5,50.0,20.5,51.5,39.0,19.5,35.0,67.0,14.807405,5588891.028146828,-2407303.6967995376,5,baresoil
500,499.0,396.0,790.0,4896.0,2279.0,1769.452,0.0017078519,0.07282252,0.81501395,-0.48517433,0.73676276,-0.3647387,8.0,72.0,16.0,22.0,43.0,48.0,17.0,50.0,30.5,26.5,41.0,66.0,14.09287,5588879.591204696,-2407308.246037207,5,baresoil
501,477.0,400.0,691.0,4679.0,2260.0,728.9885,0.0011675954,0.039201453,0.8149728,-0.5316841,0.72244,-0.34860933,8.0,75.0,13.0,25.5,43.5,37.0,19.0,47.0,36.0,18.0,38.0,64.0,13.451154,5588859.271544408,-2407394.663073051,5,baresoil
502,477.0,400.0,691.0,4679.0,2260.0,728.9885,0.0011675954,0.039201453,0.8149728,-0.5316841,0.72244,-0.34860933,8.0,75.0,13.0,25.5,43.5,37.0,19.0,47.0,36.0,18.0,38.0,64.0,13.451154,5588852.444971978,-2407412.5012918455,5,baresoil
503,583.0,466.0,758.0,4053.0,2323.0,1499.623,0.0030798018,0.072015256,0.7484901,-0.507952,0.61717415,-0.27132997,14.0,77.0,9.0,15.0,42.5,39.0,28.5,49.0,24.0,15.0,38.0,58.0,14.083381,5588894.837929262,-2407362.8976524128,5,baresoil
504,583.0,466.0,758.0,4053.0,2323.0,1499.623,0.0030798018,0.072015256,0.7484901,-0.507952,0.61717415,-0.27132997,14.0,77.0,9.0,15.0,42.5,39.0,28.5,49.0,24.0,15.0,38.0,58.0,14.083381,5588897.248175419,-2407379.735444037,5,baresoil
505,576.0,606.0,782.0,3795.0,1920.0,1117.9778,0.0021247566,0.06580618,0.7364448,-0.4211695,0.6333622,-0.328084,7.0,73.0,17.0,14.0,39.0,57.0,14.0,49.0,44.0,32.0,34.0,64.0,25.580019,5588894.447363855,-2407196.7499144473,5,baresoil
506,576.0,606.0,782.0,3795.0,1920.0,1117.9778,0.0021247566,0.06580618,0.7364448,-0.4211695,0.6333622,-0.328084,7.0,73.0,17.0,14.0,39.0,57.0,14.0,49.0,44.0,32.0,34.0,64.0,25.580019,5588893.224594709,-2407208.8409577794,5,baresoil
507,671.0,464.0,696.0,3543.0,2279.0,850.7616,0.0012375712,0.04544935,0.6815376,-0.5321008,0.5096174,-0.21710752,2.0,65.0,24.0,13.0,38.0,35.0,16.0,48.0,41.0,28.0,34.0,63.0,20.879124,5588900.012234396,-2407217.8864578325,5,baresoil
508,671.0,464.0,696.0,3543.0,2279.0,850.7616,0.0012375712,0.04544935,0.6815376,-0.5321008,0.5096174,-0.21710752,2.0,65.0,24.0,13.0,38.0,35.0,16.0,48.0,41.0,28.0,34.0,63.0,20.879124,5588906.947248239,-2407224.377911255,5,baresoil
509,522.0,431.0,868.0,4299.0,2379.0,861.6655,0.00076037645,0.043740384,0.78344744,-0.46535265,0.665035,-0.2875112,9.0,60.0,32.0,12.0,38.0,55.0,8.0,50.5,32.0,23.5,32.0,67.0,22.18917,5588927.000768228,-2407228.118527395,5,baresoil
510,1037.0,635.0,868.0,3139.0,1915.0,1199.2871,0.0016618371,0.07775906,0.5033525,-0.37621272,0.3599685,-0.24218442,6.0,63.0,23.0,14.0,40.0,42.0,25.0,47.0,39.0,35.0,33.0,67.0,17.179182,5588885.397094036,-2407245.4832852264,5,baresoil
511,671.0,464.0,762.0,3741.0,2292.0,951.2793,0.0021886826,0.05587495,0.6958295,-0.5009823,0.5372016,-0.24017902,16.0,57.0,22.0,23.5,36.5,56.0,27.0,56.0,25.0,24.0,35.0,66.0,8.704267,5590414.399511837,-2407797.206514656,5,baresoil
512,671.0,464.0,762.0,3741.0,2292.0,951.2793,0.0021886826,0.05587495,0.6958295,-0.5009823,0.5372016,-0.24017902,16.0,57.0,22.0,23.5,36.5,56.0,27.0,56.0,25.0,24.0,35.0,66.0,8.704267,5590425.325716452,-2407798.235009659,5,baresoil
513,671.0,464.0,762.0,3741.0,2292.0,951.2793,0.0021886826,0.05587495,0.6958295,-0.5009823,0.5372016,-0.24017902,16.0,57.0,22.0,23.5,36.5,56.0,27.0,56.0,25.0,24.0,35.0,66.0,8.704267,5590436.483414205,-2407799.255827909,5,baresoil
514,682.0,485.0,805.0,3837.0,2225.0,784.7009,0.0020307302,0.043735735,0.69816333,-0.46864682,0.5519015,-0.26591888,8.0,64.0,27.0,14.0,37.0,61.5,13.0,60.0,25.0,13.0,36.5,63.5,9.430422,5590448.551745182,-2407799.7829728164,5,baresoil
515,671.0,464.0,762.0,3741.0,2292.0,951.2793,0.0021886826,0.05587495,0.6958295,-0.5009823,0.5372016,-0.24017902,16.0,57.0,22.0,23.5,36.5,56.0,27.0,56.0,25.0,24.0,35.0,66.0,8.704267,5590412.113843617,-2407805.161654453,5,baresoil
516,671.0,464.0,762.0,3741.0,2292.0,951.2793,0.0021886826,0.05587495,0.6958295,-0.5009823,0.5372016,-0.24017902,16.0,57.0,22.0,23.5,36.5,56.0,27.0,56.0,25.0,24.0,35.0,66.0,8.704267,5590424.915009827,-2407806.8232742366,5,baresoil
517,671.0,464.0,762.0,3741.0,2292.0,951.2793,0.0021886826,0.05587495,0.6958295,-0.5009823,0.5372016,-0.24017902,16.0,57.0,22.0,23.5,36.5,56.0,27.0,56.0,25.0,24.0,35.0,66.0,8.704267,5590436.52803035,-2407807.597259184,5,baresoil
518,682.0,485.0,805.0,3837.0,2225.0,784.7009,0.0020307302,0.043735735,0.69816333,-0.46864682,0.5519015,-0.26591888,8.0,64.0,27.0,14.0,37.0,61.5,13.0,60.0,25.0,13.0,36.5,63.5,9.430422,5590448.179399637,-2407809.5287032705,5,baresoil
519,577.0,412.0,709.0,3730.0,2315.0,933.9599,0.002512455,0.05180089,0.73206407,-0.5310847,0.55896324,-0.23407775,8.0,66.0,23.0,15.0,38.5,62.5,12.0,60.5,23.5,27.0,37.5,64.0,7.291279,5590412.219804178,-2407815.35503997,5,baresoil
520,577.0,412.0,709.0,3730.0,2315.0,933.9599,0.002512455,0.05180089,0.73206407,-0.5310847,0.55896324,-0.23407775,8.0,66.0,23.0,15.0,38.5,62.5,12.0,60.5,23.5,27.0,37.5,64.0,7.291279,5590424.758806083,-2407816.0983542614,5,baresoil
521,577.0,412.0,709.0,3730.0,2315.0,933.9599,0.002512455,0.05180089,0.73206407,-0.5310847,0.55896324,-0.23407775,8.0,66.0,23.0,15.0,38.5,62.5,12.0,60.5,23.5,27.0,37.5,64.0,7.291279,5590436.873168792,-2407818.01446667,5,baresoil
522,577.0,412.0,709.0,3730.0,2315.0,933.9599,0.002512455,0.05180089,0.73206407,-0.5310847,0.55896324,-0.23407775,8.0,66.0,23.0,15.0,38.5,62.5,12.0,60.5,23.5,27.0,37.5,64.0,7.291279,5590414.415470697,-2407832.6633830424,5,baresoil
523,527.0,386.0,682.0,3730.0,2259.0,914.8232,0.002104044,0.051860113,0.7524077,-0.5362122,0.5720868,-0.24561699,9.0,68.0,22.0,9.5,36.5,62.5,20.0,61.0,22.0,17.0,39.0,66.0,8.740277,5590451.093984173,-2407820.5560214687,5,baresoil
524,436.0,340.0,590.0,3106.0,1609.0,1113.9924,0.0038983822,0.06953179,0.7538115,-0.46339244,0.5067567,-0.31749737,12.0,59.0,26.0,13.0,34.5,66.0,23.5,49.0,27.5,25.0,34.5,65.0,10.288936,5590603.32022265,-2407714.701972307,5,baresoil
525,579.0,416.0,761.0,3109.0,1793.0,1258.1536,0.0064713657,0.07252686,0.68600863,-0.40407202,0.46980613,-0.26846188,14.0,59.0,25.0,24.0,34.0,66.0,32.0,42.5,27.0,34.0,28.5,66.5,9.356142,5590601.401544396,-2407740.7211166504,5,baresoil
526,527.0,386.0,682.0,3730.0,2259.0,914.8232,0.002104044,0.051860113,0.7524077,-0.5362122,0.5720868,-0.24561699,9.0,68.0,22.0,9.5,36.5,62.5,20.0,61.0,22.0,17.0,39.0,66.0,8.740277,5590444.154053199,-2407834.9225726877,5,baresoil
527,391.0,324.0,557.0,3704.0,1728.0,792.03577,0.0023493469,0.05066481,0.8090355,-0.5124726,0.6081131,-0.36377025,4.0,70.0,22.0,13.0,39.0,60.0,15.0,62.0,29.0,9.0,38.0,60.5,7.995647,5590551.720493183,-2407835.9932747465,5,baresoil
528,377.0,306.0,529.0,4365.0,1763.0,626.4651,0.0009101331,0.033902865,0.8409954,-0.5383944,0.69564605,-0.42460838,6.0,68.0,27.0,18.0,36.5,67.5,8.5,65.0,30.0,17.0,35.0,63.0,5.010938,5590581.949350036,-2407936.9607330677,5,baresoil
529,592.0,426.0,753.0,3252.0,1852.0,1601.0505,0.0075420737,0.08612346,0.6919876,-0.421881,0.48864722,-0.27429464,13.0,52.0,25.0,24.0,34.0,66.0,32.0,42.5,27.0,34.0,28.5,66.5,9.356142,5590599.329434382,-2407762.110454398,5,baresoil
530,630.0,424.0,747.0,3198.0,1876.0,1647.8175,0.0062171817,0.09461367,0.6708464,-0.43042317,0.46528476,-0.26054394,14.0,53.0,30.0,31.0,36.5,65.5,26.0,44.0,35.0,43.0,27.0,73.0,8.623025,5590594.7862835545,-2407792.8515860885,5,baresoil
531,654.0,475.0,775.0,3668.0,1905.0,1165.6494,0.004806727,0.066306055,0.6973623,-0.4216418,0.53708255,-0.31634668,8.0,61.0,27.0,24.0,35.0,67.0,8.0,53.0,33.5,22.5,34.0,62.0,4.3730817,5590619.551458363,-2407896.780748947,5,baresoil
532,619.0,521.0,705.0,2851.0,1967.0,1357.0754,0.0032882392,0.10168314,0.6432277,-0.47230542,0.4408454,-0.18347862,10.0,69.0,17.0,16.0,33.0,67.0,11.0,59.5,32.5,28.0,37.0,66.5,9.251657,5590199.350870564,-2407780.1121229897,1,forest
533,452.0,388.0,740.0,5007.0,2326.0,775.51135,0.0015396178,0.03979952,0.83440197,-0.51728636,0.7689581,-0.36560753,23.0,65.0,63.0,29.5,40.0,68.0,39.0,63.0,20.0,14.0,38.0,48.0,81.71133,5590244.893264682,-2407349.8760084813,1,forest
534,281.0,329.0,520.0,4094.0,1632.0,697.0673,0.0012461841,0.03863193,0.8715428,-0.51672864,0.7160563,-0.42996854,7.0,67.0,19.0,41.0,37.0,54.0,21.5,58.0,28.0,12.0,39.0,55.0,80.48741,5590189.627466545,-2407290.526242327,1,forest
535,315.0,331.0,533.0,4559.0,2006.0,905.4403,0.0012956858,0.047880866,0.8707427,-0.5801497,0.7596749,-0.38888046,2.0,65.0,33.0,32.5,37.0,59.5,39.5,58.0,30.0,17.0,38.0,61.0,67.65882,5590123.609096412,-2407284.3693546224,1,forest
536,376.0,409.0,644.0,4520.0,1945.0,1072.4453,0.0033294559,0.054794207,0.8464052,-0.5025106,0.75573546,-0.39829853,7.0,67.0,19.0,41.0,37.0,54.0,21.5,58.0,28.0,12.0,39.0,55.0,74.9563,5590148.097667547,-2407296.072625921,1,forest
537,369.0,418.0,660.0,4883.0,2173.0,1023.7215,0.0017609596,0.049135696,0.85948205,-0.53406286,0.8082653,-0.38407028,24.0,56.0,36.0,31.5,36.0,68.5,28.5,51.5,36.0,22.5,38.0,62.0,60.539654,5590097.050908611,-2407280.150286818,1,forest
539,276.0,277.0,407.0,3800.0,1422.0,930.54944,0.001234591,0.05709187,0.8645732,-0.55494803,0.6585193,-0.4553811,5.0,58.0,24.0,17.0,34.0,65.0,22.0,59.0,26.5,13.5,39.0,34.0,96.81618,5590236.581048443,-2407252.819931888,1,forest
540,234.0,245.0,401.0,3579.0,1357.0,1263.7026,0.0008661449,0.0823663,0.87726194,-0.5437998,0.6361492,-0.45016205,9.0,77.0,37.0,15.0,37.0,64.5,22.0,62.5,30.0,18.5,31.0,71.0,48.659138,5590441.653134546,-2407217.292425854,1,forest
541,210.0,233.0,376.0,3330.0,1359.0,1247.8435,0.0020344555,0.08499873,0.88135594,-0.56657064,0.6073584,-0.42034546,13.0,77.0,32.0,24.0,35.0,67.0,15.0,67.0,30.0,18.5,31.0,67.0,48.4048,5590436.754007554,-2407251.28872793,1,forest
542,229.0,271.0,434.0,4106.0,1702.0,1213.507,0.0015921593,0.07071161,0.8943484,-0.59363294,0.72076607,-0.41391185,8.0,85.0,22.0,21.5,34.0,69.5,31.0,52.5,31.5,15.0,38.0,61.0,67.06348,5590108.4418512,-2407204.225684849,1,forest
543,374.0,360.0,642.0,5027.0,1901.0,801.0847,0.0007867813,0.041729778,0.8615071,-0.49508455,0.79833233,-0.4512124,18.0,70.0,29.0,29.0,40.0,68.0,14.0,66.0,31.5,20.0,34.0,58.0,72.787056,5590286.601096267,-2407377.6943011177,1,forest
544,267.0,330.0,453.0,3216.0,1390.0,1065.0571,0.0010826588,0.08129831,0.8466839,-0.50841016,0.5973021,-0.39643943,3.0,79.0,18.0,6.0,34.0,68.0,16.0,49.0,25.0,13.0,30.5,62.5,127.09849,5589836.822303444,-2407119.592448896,1,forest
545,304.0,356.0,612.0,5613.0,1984.0,733.67096,0.00037449598,0.03432402,0.8972453,-0.5285054,0.89879465,-0.47768852,12.0,85.0,5.0,12.0,35.0,69.0,22.0,59.0,26.0,15.0,31.0,68.0,118.53,5589701.934391371,-2407035.0671595703,1,forest
546,243.0,307.0,453.0,3132.0,1374.0,1134.0801,0.001337707,0.08062583,0.85599995,-0.5041051,0.58779246,-0.39014646,5.0,83.0,24.0,19.0,35.0,66.0,52.0,56.0,37.5,35.0,35.0,48.0,111.11403,5589699.033043841,-2407157.521772749,1,forest
547,257.0,322.0,544.0,5561.0,1995.0,1047.7854,0.00060248375,0.04535644,0.9116536,-0.57148486,0.90277785,-0.47194287,15.0,81.0,22.0,28.0,34.5,66.0,17.0,59.0,38.5,17.0,31.0,70.0,101.86602,5589654.168188504,-2407048.2341488837,1,forest
548,237.0,267.0,335.0,3207.0,1293.0,1136.0022,0.0032033622,0.09813096,0.86236936,-0.5884521,0.5880489,-0.42533332,3.0,82.0,13.0,11.0,34.0,63.5,9.5,54.0,21.5,21.0,34.5,47.0,105.99519,5589984.419623979,-2407041.9420385105,1,forest
549,210.0,249.0,375.0,3785.0,1405.0,1165.0704,0.001718998,0.0802227,0.8948686,-0.5786516,0.67823946,-0.45857424,5.0,88.0,13.0,12.0,33.0,72.5,17.0,69.0,24.0,20.0,42.5,52.0,94.29725,5589957.047292744,-2407153.1558066625,1,forest
550,209.0,275.0,441.0,4952.0,1890.0,1122.5063,0.00072056055,0.057154953,0.91900796,-0.6216216,0.838371,-0.44753,12.0,83.0,6.0,13.0,40.0,70.0,18.0,71.0,15.0,20.0,30.5,68.5,117.41898,5589748.177228752,-2407003.8748468906,1,forest
551,353.0,386.0,746.0,5146.0,2070.0,1003.5681,0.00067549944,0.04194644,0.87161297,-0.47017047,0.8339132,-0.4262749,12.0,83.0,15.0,20.5,37.0,72.0,13.0,62.0,41.0,20.0,30.0,71.0,101.34575,5589566.603228197,-2407175.343181207,1,forest
552,282.0,319.0,499.0,4150.0,1659.0,1797.6414,0.0025494099,0.09490584,0.87274367,-0.5375348,0.71898586,-0.4288173,14.0,77.0,50.0,15.0,41.0,71.0,32.0,54.0,38.0,46.0,33.0,77.0,60.241573,5589448.049694485,-2407066.1742704576,1,forest
553,323.0,363.0,636.0,5767.0,2059.0,882.4535,0.0005106628,0.04439225,0.8939245,-0.5280148,0.9083931,-0.47380522,18.0,68.0,19.0,17.0,38.0,68.5,23.0,57.0,46.0,33.0,33.0,74.0,76.1974,5589473.800982855,-2407144.114543904,1,forest
554,230.0,284.0,520.0,5071.0,2051.0,1037.7258,0.0006812215,0.053986784,0.9132239,-0.5954882,0.8450875,-0.42403817,9.0,84.0,13.0,19.0,38.0,73.0,14.0,69.0,44.0,38.0,35.0,66.0,58.766464,5589625.062922984,-2407289.280519733,1,forest
555,235.0,283.0,443.0,3067.0,1358.0,945.46765,0.0010470152,0.07582551,0.857662,-0.50805104,0.5730705,-0.38621467,9.0,81.0,14.0,10.0,33.0,67.0,17.5,49.0,39.0,27.5,35.5,65.0,68.16127,5589035.903453663,-2406992.66278988,1,forest
556,397.0,384.0,559.0,4415.0,1820.0,2179.6035,0.004263997,0.1124847,0.83499587,-0.5300547,0.7217791,-0.41619894,7.0,86.0,9.0,15.0,41.0,61.0,13.0,52.5,34.0,21.5,31.5,68.0,90.693146,5589067.220168021,-2406818.287376807,3,grassland
557,557.0,520.0,935.0,4582.0,2120.0,1462.5605,0.0037531257,0.06717539,0.7832264,-0.3878887,0.71752,-0.36735305,13.0,76.0,13.0,8.0,38.0,62.0,17.0,51.0,35.0,28.0,47.0,32.0,18.649424,5587100.922884633,-2406678.0534118414,5,baresoil
558,520.0,522.0,905.0,4683.0,2061.0,1460.4164,0.002168119,0.07034634,0.8001153,-0.38975054,0.749388,-0.38879,13.0,72.0,19.0,11.0,39.0,62.0,15.0,46.0,41.0,27.5,57.0,23.0,17.873676,5587114.995196397,-2406683.151833366,5,baresoil
559,557.0,520.0,935.0,4582.0,2120.0,1462.5605,0.0037531257,0.06717539,0.7832264,-0.3878887,0.71752,-0.36735305,13.0,76.0,13.0,8.0,38.0,62.0,17.0,51.0,35.0,28.0,47.0,32.0,18.649424,5587102.52241533,-2406691.441705999,5,baresoil
560,557.0,552.0,952.0,4916.0,2137.0,1622.5327,0.0024374723,0.068703,0.7964554,-0.38361928,0.771887,-0.39401677,18.0,77.0,29.0,13.0,40.0,64.0,22.0,41.0,51.5,30.0,56.0,59.0,17.098919,5587113.913130586,-2406706.5932843173,5,baresoil
561,545.0,543.0,977.0,4874.0,2188.0,1528.0107,0.0025283396,0.0683415,0.7988559,-0.3826224,0.76910776,-0.3803455,13.0,77.0,30.0,10.0,35.0,65.0,27.0,46.0,45.0,32.0,52.0,58.5,17.055079,5587093.348629024,-2406708.4291106523,5,baresoil
578,689.0,518.0,810.0,3657.0,1804.0,1110.2605,0.0036508143,0.074161835,0.6829269,-0.38026017,0.5335827,-0.33931515,7.0,58.0,41.0,46.0,40.0,42.0,35.0,47.0,33.0,44.0,34.0,32.5,3.3496678,5586740.961748396,-2407147.8294257135,5,baresoil
579,955.0,691.0,1026.0,4292.0,2331.0,1407.3257,0.0047100186,0.07191528,0.6359825,-0.3887399,0.562182,-0.29608938,17.0,66.0,24.0,37.0,41.0,38.0,36.0,42.0,30.0,44.5,35.0,50.0,3.0605092,5586756.807863906,-2407146.9602791863,5,baresoil
580,955.0,691.0,1026.0,4292.0,2331.0,1407.3257,0.0047100186,0.07191528,0.6359825,-0.3887399,0.562182,-0.29608938,17.0,66.0,24.0,37.0,41.0,38.0,36.0,42.0,30.0,44.5,35.0,50.0,3.0605092,5586769.536385798,-2407146.4254758754,5,baresoil
581,1407.0,1008.0,1454.0,4434.0,2533.0,1629.7247,0.006020367,0.06737964,0.5182331,-0.27062955,0.49409115,-0.27285776,9.0,55.0,35.0,48.0,41.0,63.0,41.0,40.0,61.0,33.5,36.0,39.5,2.4499784,5586781.0807526475,-2407145.1185215577,5,baresoil
582,1407.0,1008.0,1454.0,4434.0,2533.0,1629.7247,0.006020367,0.06737964,0.5182331,-0.27062955,0.49409115,-0.27285776,9.0,55.0,35.0,48.0,41.0,63.0,41.0,40.0,61.0,33.5,36.0,39.5,2.4499784,5586791.90014754,-2407142.9084315524,5,baresoil
583,1407.0,1008.0,1454.0,4434.0,2533.0,1629.7247,0.006020367,0.06737964,0.5182331,-0.27062955,0.49409115,-0.27285776,9.0,55.0,35.0,48.0,41.0,63.0,41.0,40.0,61.0,33.5,36.0,39.5,2.4499784,5586804.945426141,-2407141.436187155,5,baresoil
584,1080.0,732.0,1107.0,4253.0,2288.0,1678.728,0.0026920438,0.084242724,0.5949747,-0.3478645,0.5204028,-0.30041277,12.0,68.0,49.0,46.0,42.0,58.0,41.0,41.0,57.0,53.0,37.0,30.0,2.4853466,5586817.311450193,-2407140.449786579,5,baresoil
585,1080.0,732.0,1107.0,4253.0,2288.0,1678.728,0.0026920438,0.084242724,0.5949747,-0.3478645,0.5204028,-0.30041277,12.0,68.0,49.0,46.0,42.0,58.0,41.0,41.0,57.0,53.0,37.0,30.0,2.4853466,5586829.094919397,-2407139.3666793625,5,baresoil
586,1069.0,734.0,1044.0,4246.0,2282.0,1768.1879,0.0031980574,0.090239726,0.59774226,-0.37221888,0.52408445,-0.30085784,16.0,48.0,43.0,52.0,39.0,59.5,39.0,44.0,49.0,26.0,38.0,46.0,4.173018,5586840.823598558,-2407140.1393473097,5,baresoil
587,1069.0,734.0,1044.0,4246.0,2282.0,1768.1879,0.0031980574,0.090239726,0.59774226,-0.37221888,0.52408445,-0.30085784,16.0,48.0,43.0,52.0,39.0,59.5,39.0,44.0,49.0,26.0,38.0,46.0,4.173018,5586854.474275653,-2407139.4582549394,5,baresoil
588,1069.0,734.0,1044.0,4246.0,2282.0,1768.1879,0.0031980574,0.090239726,0.59774226,-0.37221888,0.52408445,-0.30085784,16.0,48.0,43.0,52.0,39.0,59.5,39.0,44.0,49.0,26.0,38.0,46.0,4.173018,5586866.724539686,-2407138.4756305744,5,baresoil
589,1550.0,1067.0,1420.0,4083.0,2059.0,2217.2412,0.0058451295,0.11819026,0.4496716,-0.18367346,0.41172266,-0.32953438,28.0,47.0,49.0,61.5,37.0,64.0,35.0,46.0,60.0,37.0,34.0,59.0,5.3978157,5586880.363779062,-2407137.4472738816,5,baresoil
590,1550.0,1067.0,1420.0,4083.0,2059.0,2217.2412,0.0058451295,0.11819026,0.4496716,-0.18367346,0.41172266,-0.32953438,28.0,47.0,49.0,61.5,37.0,64.0,35.0,46.0,60.0,37.0,34.0,59.0,5.3978157,5586895.380561398,-2407136.0259371516,5,baresoil
591,2217.0,1536.0,2034.0,4115.0,2242.0,2666.2412,0.0053602755,0.1210653,0.29974735,-0.048643578,0.29848403,-0.29463586,23.0,35.0,59.0,56.0,35.0,61.0,52.5,24.0,76.0,43.0,33.0,58.0,6.1485696,5586911.065153575,-2407133.771487928,5,baresoil
592,2217.0,1536.0,2034.0,4115.0,2242.0,2666.2412,0.0053602755,0.1210653,0.29974735,-0.048643578,0.29848403,-0.29463586,23.0,35.0,59.0,56.0,35.0,61.0,52.5,24.0,76.0,43.0,33.0,58.0,6.1485696,5586924.074671213,-2407134.7336799875,5,baresoil
594,2891.0,2064.0,2629.0,4158.0,2491.0,3092.6165,0.0053684115,0.11813301,0.17974181,0.026953118,0.1976723,-0.2507144,40.0,28.0,49.0,41.0,31.0,66.5,46.0,40.0,55.0,36.0,24.0,70.0,7.7076597,5586961.738530199,-2407134.8841625326,5,baresoil
595,2891.0,2064.0,2629.0,4158.0,2491.0,3092.6165,0.0053684115,0.11813301,0.17974181,0.026953118,0.1976723,-0.2507144,40.0,28.0,49.0,41.0,31.0,66.5,46.0,40.0,55.0,36.0,24.0,70.0,7.7076597,5586982.625114461,-2407139.2949172603,5,baresoil
596,1185.0,852.0,1132.0,3613.0,2016.0,2779.6418,0.008152008,0.14757474,0.5060442,-0.28081322,0.4234982,-0.28370935,37.0,49.0,44.0,41.0,37.0,63.0,27.0,46.0,40.0,49.0,31.0,53.5,8.647104,5587000.938568894,-2407142.979254937,5,baresoil
597,1185.0,852.0,1132.0,3613.0,2016.0,2779.6418,0.008152008,0.14757474,0.5060442,-0.28081322,0.4234982,-0.28370935,37.0,49.0,44.0,41.0,37.0,63.0,27.0,46.0,40.0,49.0,31.0,53.5,8.647104,5587019.344907442,-2407145.9652729863,5,baresoil
598,900.0,670.0,884.0,3338.0,1691.0,2341.5762,0.004894793,0.14391321,0.5752713,-0.31339806,0.4444687,-0.32750046,14.0,57.0,37.0,36.0,38.5,28.0,36.0,45.0,44.5,32.0,39.0,36.5,7.535959,5587032.608786995,-2407147.6142472257,5,baresoil
605,4183.0,3534.0,4314.0,3064.0,1633.0,2638.8965,0.0039379597,0.105175875,-0.15440872,0.4508156,-0.23998451,-0.3046626,22.0,28.0,73.0,41.0,27.5,60.0,48.0,26.0,64.0,61.0,26.0,73.0,7.469368,5585648.782336822,-2406147.4973641,5,baresoil
606,4183.0,3534.0,4314.0,3064.0,1633.0,2638.8965,0.0039379597,0.105175875,-0.15440872,0.4508156,-0.23998451,-0.3046626,22.0,28.0,73.0,41.0,27.5,60.0,48.0,26.0,64.0,61.0,26.0,73.0,7.469368,5585642.485875552,-2406132.177737884,5,baresoil
611,3871.0,3372.0,4122.0,1934.0,1011.0,2767.6802,0.008710712,0.13052937,-0.3336779,0.6060783,-0.4906281,-0.31341258,22.0,46.0,51.0,50.0,39.0,56.0,59.5,33.5,56.5,59.0,28.5,63.0,12.835214,5585584.82934598,-2406027.70386412,5,baresoil
633,701.0,532.0,812.0,3631.0,2578.0,1173.3591,0.0015032887,0.06894608,0.6763619,-0.52094394,0.5289954,-0.16959248,9.0,63.0,27.0,20.0,47.0,30.0,10.5,57.0,32.0,24.0,50.0,52.0,12.449255,5592954.775826845,-2408475.99678628,2,cropland
634,668.0,486.0,739.0,3473.0,1826.0,1279.0068,0.0027708411,0.07493887,0.67737263,-0.4237817,0.50683,-0.31081334,8.0,66.0,22.0,23.0,48.0,32.0,7.0,58.0,33.0,13.0,56.0,45.0,13.480841,5592976.814300253,-2408469.701233072,2,cropland
635,645.0,504.0,789.0,3688.0,2376.0,1119.2028,0.001633048,0.062941164,0.7022848,-0.50142175,0.5521484,-0.21635886,8.0,66.0,22.0,23.0,48.0,32.0,7.0,58.0,33.0,13.0,56.0,45.0,13.271713,5592975.795196544,-2408480.8591648876,2,cropland
636,645.0,504.0,789.0,3688.0,2376.0,1119.2028,0.001633048,0.062941164,0.7022848,-0.50142175,0.5521484,-0.21635886,8.0,66.0,22.0,23.0,48.0,32.0,7.0,58.0,33.0,13.0,56.0,45.0,13.271713,5592986.752787849,-2408475.85942726,2,cropland
637,645.0,504.0,789.0,3688.0,2376.0,1119.2028,0.001633048,0.062941164,0.7022848,-0.50142175,0.5521484,-0.21635886,8.0,66.0,22.0,23.0,48.0,32.0,7.0,58.0,33.0,13.0,56.0,45.0,13.271713,5592988.0178073775,-2408486.0143312057,2,cropland
638,659.0,462.0,718.0,3139.0,2102.0,1040.6061,0.0017024279,0.07679914,0.65297526,-0.4907801,0.4549457,-0.197863,8.0,63.0,24.0,24.0,46.5,44.0,8.0,56.0,32.0,22.5,50.0,46.0,13.872452,5593000.688643251,-2408476.786052046,2,cropland
639,659.0,462.0,718.0,3139.0,2102.0,1040.6061,0.0017024279,0.07679914,0.65297526,-0.4907801,0.4549457,-0.197863,8.0,63.0,24.0,24.0,46.5,44.0,8.0,56.0,32.0,22.5,50.0,46.0,13.872452,5592997.77137077,-2408486.616669405,2,cropland
640,659.0,462.0,718.0,3139.0,2102.0,1040.6061,0.0017024279,0.07679914,0.65297526,-0.4907801,0.4549457,-0.197863,8.0,63.0,24.0,24.0,46.5,44.0,8.0,56.0,32.0,22.5,50.0,46.0,13.872452,5592999.483975043,-2408496.293177822,2,cropland
641,659.0,462.0,718.0,3139.0,2102.0,1040.6061,0.0017024279,0.07679914,0.65297526,-0.4907801,0.4549457,-0.197863,8.0,63.0,24.0,24.0,46.5,44.0,8.0,56.0,32.0,22.5,50.0,46.0,13.872452,5593009.084061695,-2408478.3605935615,2,cropland
642,659.0,462.0,718.0,3139.0,2102.0,1040.6061,0.0017024279,0.07679914,0.65297526,-0.4907801,0.4549457,-0.197863,8.0,63.0,24.0,24.0,46.5,44.0,8.0,56.0,32.0,22.5,50.0,46.0,13.872452,5593006.259264166,-2408490.9691381585,2,cropland
643,659.0,462.0,718.0,3139.0,2102.0,1040.6061,0.0017024279,0.07679914,0.65297526,-0.4907801,0.4549457,-0.197863,8.0,63.0,24.0,24.0,46.5,44.0,8.0,56.0,32.0,22.5,50.0,46.0,13.872452,5593016.676801225,-2408483.6698536607,2,cropland
644,659.0,462.0,718.0,3139.0,2102.0,1040.6061,0.0017024279,0.07679914,0.65297526,-0.4907801,0.4549457,-0.197863,8.0,63.0,24.0,24.0,46.5,44.0,8.0,56.0,32.0,22.5,50.0,46.0,13.872452,5593013.481493103,-2408499.071741131,2,cropland
645,508.0,429.0,779.0,4314.0,2366.0,1358.1814,0.0012668073,0.0709063,0.7892991,-0.5046105,0.6726997,-0.29161677,7.0,80.0,15.0,25.0,46.0,68.0,15.0,62.0,24.0,21.5,44.0,31.5,16.335154,5593133.3649369115,-2408480.248657614,2,cropland
646,525.0,457.0,798.0,4291.0,2363.0,1457.8553,0.0013690591,0.07502799,0.7819767,-0.49509653,0.6718521,-0.28975052,8.0,82.0,13.0,21.0,43.5,71.0,15.0,62.0,28.0,11.0,48.0,61.0,15.112063,5593114.133655437,-2408529.0930018644,2,cropland
647,397.0,374.0,693.0,4170.0,2210.0,1102.5515,0.00089019537,0.067625076,0.8261441,-0.5225628,0.68614966,-0.30721003,7.0,83.0,13.0,14.5,43.0,67.0,9.5,63.0,26.0,24.0,50.0,60.0,12.531774,5593125.492007176,-2408536.1308516543,2,cropland
648,695.0,503.0,758.0,3102.0,1701.0,1044.6372,0.0024456382,0.07120471,0.6339215,-0.38348922,0.44575724,-0.2916927,8.0,63.0,24.0,24.0,46.5,44.0,8.0,56.0,32.0,22.5,50.0,46.0,14.286053,5593000.458768557,-2408442.0312120933,2,cropland
649,431.0,410.0,703.0,4366.0,2066.0,971.9125,0.0013448894,0.045518927,0.82030433,-0.49223548,0.7089068,-0.35758707,14.0,72.0,15.0,20.5,45.5,61.0,19.5,60.0,28.0,21.5,45.0,45.0,17.60247,5593108.795259388,-2408494.0446809214,2,cropland
650,525.0,457.0,798.0,4291.0,2363.0,1457.8553,0.0013690591,0.07502799,0.7819767,-0.49509653,0.6718521,-0.28975052,8.0,82.0,13.0,21.0,43.5,71.0,15.0,62.0,28.0,11.0,48.0,61.0,15.112063,5593133.255959767,-2408504.817792381,2,cropland
651,664.0,486.0,739.0,3553.0,1801.0,1074.8628,0.0029990077,0.064817294,0.6850842,-0.4181102,0.5199036,-0.32723197,9.0,63.0,27.0,20.0,47.0,30.0,10.5,57.0,32.0,24.0,50.0,52.0,13.984973,5592950.88837952,-2408442.754167034,2,cropland
652,508.0,429.0,779.0,4314.0,2366.0,1358.1814,0.0012668073,0.0709063,0.7892991,-0.5046105,0.6726997,-0.29161677,7.0,80.0,15.0,25.0,46.0,68.0,15.0,62.0,24.0,21.5,44.0,31.5,16.335154,5593134.660870404,-2408491.3295083805,2,cropland
653,354.0,278.0,502.0,3729.0,1681.0,859.80884,0.0020725727,0.056768745,0.8265981,-0.54008245,0.61283416,-0.37855825,5.0,69.0,23.0,18.0,41.5,45.0,14.5,61.0,30.0,16.0,53.0,23.0,10.2832,5593403.497414714,-2408658.506920559,2,cropland
654,498.0,404.0,689.0,3931.0,1696.0,1143.79,0.0030624866,0.063830934,0.77511847,-0.42222223,0.617935,-0.39719212,9.0,72.0,18.0,18.0,41.5,24.0,14.0,65.0,19.5,17.0,55.0,19.0,8.635993,5593418.143135397,-2408666.825593288,2,cropland
655,498.0,404.0,689.0,3931.0,1696.0,1143.79,0.0030624866,0.063830934,0.77511847,-0.42222223,0.617935,-0.39719212,9.0,72.0,18.0,18.0,41.5,24.0,14.0,65.0,19.5,17.0,55.0,19.0,8.635993,5593431.631527486,-2408668.230258876,2,cropland
656,498.0,404.0,689.0,3931.0,1696.0,1143.79,0.0030624866,0.063830934,0.77511847,-0.42222223,0.617935,-0.39719212,9.0,72.0,18.0,18.0,41.5,24.0,14.0,65.0,19.5,17.0,55.0,19.0,8.635993,5593426.523491671,-2408654.0318288184,2,cropland
657,498.0,404.0,689.0,3931.0,1696.0,1143.79,0.0030624866,0.063830934,0.77511847,-0.42222223,0.617935,-0.39719212,9.0,72.0,18.0,18.0,41.5,24.0,14.0,65.0,19.5,17.0,55.0,19.0,8.635993,5593412.618391515,-2408654.0315491282,2,cropland
658,354.0,278.0,502.0,3729.0,1681.0,859.80884,0.0020725727,0.056768745,0.8265981,-0.54008245,0.61283416,-0.37855825,5.0,69.0,23.0,18.0,41.5,45.0,14.5,61.0,30.0,16.0,53.0,23.0,10.2832,5593405.765802991,-2408670.945946406,2,cropland
659,367.0,334.0,606.0,3970.0,1637.0,900.7545,0.001775533,0.05157032,0.8307586,-0.45965227,0.6590693,-0.41608706,7.0,77.0,15.0,22.5,43.5,44.5,11.5,66.0,18.5,10.0,55.0,21.0,12.255667,5593403.141810077,-2408689.573510761,2,cropland
660,476.0,372.0,642.0,3754.0,1752.0,801.52185,0.0021663308,0.05237312,0.7749409,-0.46365917,0.5929812,-0.36360335,6.0,77.0,16.0,18.0,42.5,27.0,14.0,70.0,16.0,8.0,55.0,22.0,8.0237665,5593419.423586568,-2408691.348633235,2,cropland
661,401.0,311.0,523.0,3174.0,1827.0,776.0123,0.0019350052,0.05431153,0.7756643,-0.5548937,0.52330625,-0.26934615,10.0,66.0,22.0,19.0,44.0,43.0,14.0,61.0,29.5,21.0,54.0,22.5,12.778444,5593362.862610146,-2408649.1999372183,2,cropland
662,596.0,444.0,748.0,3467.0,1822.0,775.7916,0.002199173,0.050150875,0.70662075,-0.41789883,0.52340853,-0.31102288,9.0,65.0,24.0,19.5,45.0,31.0,10.0,54.0,31.5,14.5,62.0,22.5,10.15054,5593513.59666099,-2408624.2477692547,2,cropland
663,347.0,391.0,708.0,4794.0,1889.0,1235.366,0.0012939274,0.059967812,0.8650068,-0.45475546,0.7973249,-0.43468502,11.0,86.0,7.0,26.0,50.0,55.5,16.0,69.0,41.5,17.0,51.0,68.0,33.980694,5593556.983123949,-2408312.7224180107,1,forest
664,290.0,318.0,498.0,4045.0,1476.0,1028.1821,0.0013720393,0.065252915,0.8662054,-0.4954407,0.7005597,-0.46531427,5.0,89.0,6.0,23.0,58.0,41.5,14.5,67.0,18.5,13.0,56.0,60.0,38.85377,5593584.607411643,-2408321.0719074425,1,forest
665,290.0,318.0,498.0,4045.0,1476.0,1028.1821,0.0013720393,0.065252915,0.8662054,-0.4954407,0.7005597,-0.46531427,5.0,89.0,6.0,23.0,58.0,41.5,14.5,67.0,18.5,13.0,56.0,60.0,38.85377,5593589.869669203,-2408339.8998109605,1,forest
666,290.0,318.0,498.0,4045.0,1476.0,1028.1821,0.0013720393,0.065252915,0.8662054,-0.4954407,0.7005597,-0.46531427,5.0,89.0,6.0,23.0,58.0,41.5,14.5,67.0,18.5,13.0,56.0,60.0,38.85377,5593562.785455151,-2408333.84980166,1,forest
667,283.0,322.0,564.0,5240.0,1905.0,981.9116,0.001188755,0.04939112,0.8975195,-0.54313487,0.85330164,-0.46675992,15.0,83.0,8.0,31.0,49.0,59.0,18.0,70.0,61.0,32.0,44.0,79.0,35.674805,5593468.185096357,-2408248.9376888727,1,forest
668,233.0,264.0,479.0,4234.0,1612.0,1027.7014,0.0010609627,0.052371424,0.8956795,-0.541846,0.73267657,-0.44851178,11.0,88.0,3.0,31.0,47.5,68.0,17.0,60.0,38.0,33.0,47.0,70.5,28.449316,5593432.673548173,-2408296.006358712,1,forest
669,234.0,266.0,475.0,5251.0,1831.0,1470.1154,0.0011134148,0.06817254,0.91467637,-0.58803123,0.85555935,-0.48291445,17.0,80.0,10.0,26.0,45.5,68.0,22.0,68.0,39.0,32.5,49.0,75.0,27.276773,5593409.525978528,-2408241.158242951,1,forest
670,302.0,343.0,608.0,5159.0,1920.0,1280.8163,0.0006853938,0.056954257,0.88939756,-0.51898736,0.84331703,-0.4575505,9.0,87.0,5.0,37.0,51.0,68.0,17.0,70.0,31.0,25.0,48.0,76.0,64.81227,5593510.148459358,-2408145.1084372955,1,forest
671,362.0,389.0,736.0,5705.0,2063.0,825.5193,0.0004002452,0.036749694,0.88066596,-0.47409785,0.89291084,-0.46884653,14.0,83.0,6.0,25.5,48.0,68.0,21.0,65.0,12.5,26.0,47.0,74.0,70.98555,5593580.767442399,-2408150.17165484,1,forest
672,294.0,353.0,537.0,4786.0,1931.0,966.1749,0.00081446767,0.047648877,0.88425195,-0.5648298,0.8077684,-0.42504093,5.0,81.0,13.0,29.0,45.0,40.0,17.5,59.0,16.0,28.0,42.0,74.0,54.080723,5593347.335152495,-2408155.166217955,1,forest
673,279.0,334.0,551.0,4950.0,2003.0,1291.1123,0.0013084114,0.057517365,0.8932874,-0.5685199,0.827077,-0.42384586,21.0,81.0,18.0,33.0,47.0,52.0,24.0,60.0,29.0,30.0,37.0,70.5,48.458923,5593233.443845296,-2408131.149325952,1,forest
674,364.0,399.0,677.0,5332.0,2033.0,1269.5303,0.00057417154,0.05783268,0.872191,-0.500369,0.85516584,-0.4479294,8.0,86.0,8.0,26.0,45.0,41.0,13.0,67.0,16.0,33.0,40.0,72.0,83.104416,5593293.756023817,-2408077.2303129546,1,forest
675,259.0,304.0,476.0,4039.0,1508.0,927.08325,0.0008622408,0.06147662,0.8794788,-0.5201613,0.7098325,-0.45628262,8.0,87.0,8.0,31.0,46.5,46.0,15.0,65.0,34.0,19.5,54.0,32.0,34.893295,5593548.478666759,-2408377.431441242,1,forest
676,354.0,399.0,699.0,5506.0,1965.0,991.048,0.0008599162,0.036756422,0.87918097,-0.4752252,0.87993175,-0.473966,11.0,86.0,4.0,22.5,47.0,51.0,12.5,59.0,43.0,21.5,48.0,76.0,61.53938,5593600.489595246,-2408185.66672997,1,forest
677,321.0,360.0,632.0,6049.0,2231.0,1178.78,0.00038054585,0.046615575,0.899215,-0.5585051,0.9374795,-0.4611111,13.0,80.0,3.0,32.0,49.0,68.0,21.0,58.0,28.0,16.0,52.0,67.5,57.981743,5593652.836502377,-2408198.754238259,1,forest
678,320.0,360.0,659.0,5553.0,1968.0,1063.7578,0.0011398792,0.0507748,0.89102674,-0.49828702,0.8855682,-0.47666535,13.0,84.0,5.0,28.0,47.0,45.0,16.0,68.0,14.0,24.0,50.0,73.0,42.679607,5593551.938572271,-2408203.0429338426,1,forest
679,379.0,417.0,727.0,4990.0,1892.0,1119.8746,0.0012063384,0.04745477,0.8588191,-0.44482625,0.81544226,-0.45015988,25.0,73.0,22.0,25.0,49.5,63.0,27.0,58.0,26.5,36.0,46.5,76.0,44.005844,5593414.92895653,-2408180.724427375,1,forest
680,288.0,348.0,528.0,4557.0,1922.0,1159.298,0.00053316355,0.057647903,0.8811145,-0.5689796,0.7804388,-0.40669858,9.0,84.0,13.0,29.0,45.0,49.0,13.0,65.0,21.0,35.5,43.0,68.5,99.85514,5593466.600657175,-2408034.3950188756,1,forest
681,370.0,421.0,690.0,5738.0,2216.0,1359.3865,0.0008009076,0.06523361,0.8788474,-0.5251204,0.90672606,-0.4427961,12.0,81.0,16.0,27.5,46.0,55.0,15.0,74.0,17.0,24.5,45.0,71.0,96.15817,5593346.474348392,-2408045.8115796973,1,forest
682,293.0,327.0,494.0,3617.0,1689.0,1005.6057,0.0016607344,0.06848191,0.8501279,-0.5474118,0.6430644,-0.36336222,35.0,80.0,12.0,36.0,44.0,47.5,21.0,58.0,19.0,37.0,48.0,65.0,88.10239,5593460.8122718595,-2408083.253943117,1,forest
683,774.0,641.0,882.0,2920.0,1970.0,812.1513,0.0019356608,0.05752438,0.5809421,-0.38148665,0.42056987,-0.19427402,23.0,54.0,25.0,22.5,38.0,38.5,27.0,39.0,36.0,34.0,37.0,53.0,5.7291737,5592304.626125089,-2408630.18727737,4,buildup
684,774.0,641.0,882.0,2920.0,1970.0,812.1513,0.0019356608,0.05752438,0.5809421,-0.38148665,0.42056987,-0.19427402,23.0,54.0,25.0,22.5,38.0,38.5,27.0,39.0,36.0,34.0,37.0,53.0,5.7291737,5592321.937284627,-2408642.010528919,4,buildup
685,1176.0,866.0,1206.0,4274.0,2329.0,1407.9019,0.003035605,0.07386242,0.5684403,-0.3176803,0.5220762,-0.29456306,34.0,47.0,36.0,30.5,39.0,48.0,40.0,48.0,33.0,52.0,34.0,64.5,7.049324,5592296.348157834,-2408653.0585357854,4,buildup
686,965.0,843.0,1037.0,2793.0,1934.0,741.39746,0.0018707514,0.05098051,0.48642892,-0.30191854,0.37274173,-0.18172204,18.0,42.0,40.0,30.0,34.0,43.5,39.0,36.0,48.0,28.5,38.0,54.0,6.807434,5592284.126407242,-2408637.473849704,4,buildup
687,1646.0,1317.0,1748.0,4426.0,2807.0,891.9923,0.0016100407,0.03766821,0.45783925,-0.23249178,0.4818191,-0.22383523,29.0,58.0,15.0,33.0,42.0,33.5,39.5,47.0,32.0,33.0,37.0,50.0,7.828054,5592316.661122114,-2408664.5502437213,4,buildup
688,1264.0,1005.0,1337.0,3533.0,2573.0,1058.6486,0.0017850995,0.05836022,0.47300398,-0.31611252,0.41772527,-0.15722243,30.0,53.0,20.0,28.5,40.5,38.0,24.0,47.0,30.0,39.0,41.0,53.0,8.08522,5592348.210743214,-2408613.2105820263,4,buildup
689,1926.0,1652.0,1963.0,3632.0,1958.0,1118.4431,0.002045393,0.05182588,0.30694497,0.0012751685,0.3332552,-0.29946333,25.0,43.0,49.0,33.0,40.0,43.5,34.0,41.0,36.5,49.0,37.0,61.0,7.9693785,5592265.031952515,-2408634.7482541827,4,buildup
690,1926.0,1652.0,1963.0,3632.0,1958.0,1118.4431,0.002045393,0.05182588,0.30694497,0.0012751685,0.3332552,-0.29946333,25.0,43.0,49.0,33.0,40.0,43.5,34.0,41.0,36.5,49.0,37.0,61.0,7.9693785,5592258.4307068195,-2408631.3755342234,4,buildup
691,825.0,656.0,964.0,3414.0,2446.0,877.34625,0.0015993714,0.05360482,0.61075723,-0.43460414,0.48144147,-0.16518772,21.0,57.0,21.0,20.0,45.0,38.5,27.0,44.0,31.0,33.0,36.0,52.0,6.390828,5592332.976198166,-2408684.749783576,4,buildup
692,1926.0,1652.0,1963.0,3632.0,1958.0,1118.4431,0.002045393,0.05182588,0.30694497,0.0012751685,0.3332552,-0.29946333,25.0,43.0,49.0,33.0,40.0,43.5,34.0,41.0,36.5,49.0,37.0,61.0,7.9693785,5592250.984586101,-2408626.988007344,4,buildup
693,1635.0,1270.0,1612.0,3438.0,1880.0,1042.1384,0.0027585924,0.05896323,0.35541102,-0.07674682,0.3284632,-0.2929673,15.0,45.0,51.0,37.0,37.0,51.0,38.0,45.0,48.0,19.0,29.0,72.0,3.7684724,5592351.269760162,-2408715.6601379197,4,buildup
694,797.0,647.0,919.0,3143.0,2202.0,716.15674,0.0011973679,0.046596255,0.5954315,-0.41108623,0.4486518,-0.17605238,15.0,60.0,24.0,27.0,41.0,38.0,21.0,49.0,32.0,33.0,38.0,56.0,6.2759705,5592369.029226756,-2408671.2679540752,4,buildup
695,2213.0,2254.0,2457.0,3863.0,3066.0,1272.1,0.0040013194,0.056079034,0.27156022,-0.11026617,0.40298942,-0.1150238,31.0,61.0,7.0,30.0,42.0,65.0,36.0,54.0,19.0,36.0,51.0,70.0,13.404356,5594812.130191389,-2408052.9072316624,4,buildup
696,507.0,411.0,627.0,3301.0,2190.0,797.2247,0.0020564198,0.056113776,0.73371845,-0.5548455,0.52675235,-0.2023311,17.0,64.0,17.0,39.0,43.0,66.5,13.5,61.0,25.0,26.5,53.0,24.0,11.691655,5594670.466747542,-2408141.0629269453,4,buildup
697,1774.0,1355.0,1736.0,4015.0,2784.0,779.056,0.0009873211,0.036811635,0.38711348,-0.2318584,0.3864726,-0.18105601,34.0,58.0,7.0,40.0,36.0,69.0,38.0,53.0,19.0,31.0,53.0,12.0,14.998317,5594534.168808783,-2408140.0500113005,4,buildup
698,1727.0,1599.0,1826.0,4196.0,3034.0,734.45026,0.0014465749,0.032335054,0.41684958,-0.24855968,0.49122596,-0.16071922,30.0,60.0,20.0,30.0,32.0,63.5,33.5,51.0,33.0,28.5,50.0,58.0,6.019354,5594950.354354601,-2408278.179240235,4,buildup
699,960.0,700.0,1099.0,3691.0,2661.0,875.0876,0.0025776625,0.050048884,0.5871856,-0.4154255,0.48077604,-0.16215368,28.0,61.0,27.0,40.0,36.0,68.5,22.5,52.0,26.0,34.5,54.0,68.0,6.0311775,5595079.034583413,-2408356.3817935493,4,buildup
700,874.0,771.0,1135.0,4329.0,3110.0,864.5822,0.0017597079,0.045163065,0.66403997,-0.46525323,0.626337,-0.16386615,30.0,64.0,8.0,38.0,34.0,70.5,30.0,60.0,13.0,33.0,59.0,66.5,5.2770934,5594836.380688823,-2408446.0600118274,4,buildup
701,526.0,404.0,686.0,4017.0,2083.0,603.03503,0.001083672,0.034539744,0.76843494,-0.5045143,0.61708975,-0.31704918,20.0,61.0,17.0,36.5,42.0,56.0,18.0,57.0,26.0,28.0,54.0,23.0,11.497424,5594575.256719515,-2408315.7304454767,4,buildup
702,1627.0,2071.0,1856.0,3804.0,2636.0,1001.8797,0.001283288,0.044796057,0.400847,-0.17364202,0.67747563,-0.18136647,30.0,69.0,14.0,39.0,39.0,71.5,32.5,64.0,39.0,31.0,58.0,69.0,8.07637,5594797.187989268,-2408549.3369364915,4,buildup
703,946.0,725.0,1078.0,3758.0,2307.0,754.6952,0.0015931726,0.044442333,0.59778917,-0.3630724,0.50226843,-0.23924156,18.0,66.0,13.0,30.5,37.0,65.0,18.5,63.0,17.5,20.0,60.0,16.5,11.509195,5594801.892673298,-2408232.1532644397,4,buildup
715,2919.0,2341.0,2679.0,3318.0,3494.0,616.9413,0.00068199635,0.027788298,0.06397307,-0.1320266,0.07514408,0.025836758,38.0,11.0,64.0,48.5,19.0,61.0,45.5,18.5,45.0,46.0,21.0,40.5,4.2309732,5586380.808103371,-2400591.2795594903,4,buildup
716,2919.0,2356.0,2702.0,3638.0,4074.0,448.32495,0.00032502413,0.017058711,0.10965378,-0.20247933,0.13332587,0.0565353,10.0,5.0,90.0,66.0,13.0,87.0,13.5,15.0,79.0,36.0,18.0,80.0,7.6490707,5586468.046989777,-2400595.249146975,4,buildup
717,2183.0,1958.0,2133.0,3435.0,3508.0,924.00464,0.0025336146,0.035071585,0.22285509,-0.24375111,0.26417956,0.010514215,8.0,20.0,76.0,13.0,25.0,71.5,11.0,24.5,69.0,27.0,26.5,49.5,6.6019306,5586538.308079932,-2400602.337498772,4,buildup
718,1749.0,1459.0,1653.0,3208.0,3485.0,775.1117,0.0015531778,0.036941737,0.29433128,-0.35655898,0.28586546,0.041386534,30.0,25.0,52.0,24.0,27.0,61.0,29.5,37.0,42.5,36.0,28.5,36.5,4.632543,5586599.814302514,-2400602.8808710035,4,buildup
719,1824.0,1503.0,1700.0,3358.0,3602.0,781.30225,0.0018470287,0.035493363,0.29602468,-0.35873252,0.29433206,0.035057466,22.0,20.0,62.0,24.0,25.5,65.0,22.0,27.5,45.5,36.5,25.5,51.0,2.2570002,5586663.935744155,-2400605.046188261,4,buildup
720,1750.0,1462.0,1674.0,3228.0,3486.0,741.2303,0.0016040802,0.037024986,0.2969064,-0.35116276,0.2895088,0.03842715,19.0,24.0,61.0,21.0,25.0,56.0,28.0,32.5,38.0,39.5,28.0,36.0,2.4076278,5586716.113962652,-2400607.603350033,4,buildup
721,2297.0,2047.0,2170.0,3306.0,3255.0,994.41486,0.0026895404,0.044506073,0.1800821,-0.20000003,0.21494606,-0.0077731777,16.0,28.0,58.0,28.0,31.0,53.0,31.0,33.0,39.0,39.5,28.0,35.0,6.3754663,5586829.658188499,-2400606.4374923636,4,buildup
722,2086.0,1723.0,1928.0,3048.0,3307.0,738.5116,0.002304852,0.035374187,0.18737826,-0.2634193,0.19024639,0.04075532,17.0,24.0,63.0,28.0,28.0,63.0,28.0,30.0,44.5,44.0,27.5,31.5,9.351448,5586918.378808387,-2400603.524117912,4,buildup
723,1960.0,1617.0,1822.0,3095.0,3322.0,766.1858,0.001968652,0.03522516,0.22453019,-0.29160184,0.22294247,0.035374757,29.0,22.0,57.0,27.5,27.5,53.5,30.0,29.0,42.0,42.0,27.5,26.0,3.9041302,5587042.327806034,-2400607.1391895018,4,buildup
724,2279.0,1918.0,2110.0,3602.0,3813.0,800.2084,0.001552701,0.03600077,0.22496174,-0.28752324,0.25657436,0.028455852,20.0,22.0,64.0,21.0,23.0,62.0,22.5,28.0,59.5,35.0,28.0,32.0,4.6210923,5587169.408706958,-2400602.1104697217,4,buildup
725,2413.0,1954.0,2199.0,3725.0,4190.0,686.2357,0.0011005104,0.029491477,0.2137504,-0.31162938,0.24210215,0.05874921,20.0,23.0,70.0,29.0,22.0,78.0,24.0,30.5,57.0,42.0,30.0,31.5,5.167668,5587281.330170262,-2400603.5569861545,4,buildup
726,2449.0,2009.0,2245.0,3732.0,4214.0,776.9927,0.0010492802,0.031004159,0.2075716,-0.30484596,0.24010926,0.060659464,21.0,18.0,74.0,22.0,18.0,74.0,21.0,24.0,60.0,38.0,26.5,37.0,3.2844155,5587368.512271508,-2400605.815877711,4,buildup
727,2643.0,2147.0,2417.0,3879.0,4316.0,776.5775,0.0009135902,0.032055598,0.18951243,-0.28204367,0.226631,0.053325213,7.0,18.0,78.0,23.0,21.0,67.0,23.0,25.0,63.0,34.0,25.5,51.5,5.036455,5587494.851651279,-2400604.225157138,4,buildup
728,2277.0,1895.0,2102.0,3118.0,3663.0,645.45544,0.0005891919,0.033700634,0.1558851,-0.2707719,0.16729662,0.0803716,23.0,19.0,57.0,21.5,21.0,63.0,28.5,27.0,52.0,35.5,25.0,59.0,3.772948,5587633.274089006,-2400606.506203248,4,buildup
729,2498.0,2097.0,2337.0,3476.0,4005.0,700.5876,0.00074258447,0.02946475,0.16370943,-0.2630085,0.191968,0.07071245,24.0,18.0,64.0,21.5,21.0,67.0,26.0,27.0,52.5,30.5,22.0,69.0,4.0229535,5587760.522217598,-2400606.591664292,4,buildup
730,2596.0,2144.0,2385.0,3366.0,3848.0,597.19104,0.0007622242,0.02607681,0.12915128,-0.23471843,0.14966565,0.0668145,13.0,19.0,66.0,23.0,22.0,65.0,34.0,28.0,51.0,33.0,22.5,54.5,4.09017,5587909.978040283,-2400606.7996374094,4,buildup
731,1846.0,1544.0,1738.0,2537.0,2940.0,556.34534,0.00085532665,0.03022511,0.15765457,-0.2569474,0.14356352,0.07358045,43.0,23.0,36.0,42.0,25.0,51.0,45.0,29.0,32.0,42.0,25.0,43.0,4.328972,5588057.699380794,-2400606.2094064895,4,buildup
732,1640.0,1367.0,1518.0,2528.0,2837.0,509.93198,0.0011689663,0.028658796,0.21305178,-0.3028702,0.18323633,0.057595532,48.0,24.0,33.0,43.5,26.0,50.5,54.0,27.0,31.0,45.0,23.0,46.5,0.967182,5588241.277307541,-2400605.291700835,4,buildup
733,2543.0,2091.0,2326.0,3181.0,3191.0,639.39966,0.00084879994,0.029792817,0.11146054,-0.1567881,0.1250343,0.0015693458,25.0,13.0,66.0,52.0,21.0,67.0,30.0,23.0,57.0,27.0,21.0,77.0,2.770439,5588410.296532022,-2400603.143440402,4,buildup
734,916.0,756.0,890.0,3005.0,2788.0,787.96765,0.0032156706,0.05348573,0.53277224,-0.51604134,0.407022,-0.03745899,51.0,21.0,30.0,50.5,28.0,47.0,51.0,23.0,32.0,46.0,23.0,33.0,5.39009,5588548.801784486,-2400607.976411816,4,buildup
735,972.0,809.0,951.0,3027.0,2804.0,776.4599,0.0033707023,0.05021432,0.51387846,-0.49347535,0.40163392,-0.038243875,49.0,21.0,25.0,45.0,26.5,43.0,53.0,25.5,26.0,45.5,24.0,35.0,4.9676924,5588665.783643664,-2400607.539356411,4,buildup
736,1688.0,1338.0,1545.0,2470.0,2956.0,649.995,0.0009509325,0.040729336,0.18807119,-0.3134859,0.15561569,0.08956876,42.0,12.0,51.0,32.0,21.5,61.0,48.5,17.0,45.0,41.0,20.0,72.0,9.558683,5588810.25997762,-2400612.1735369926,4,buildup
737,2688.0,2191.0,2475.0,2985.0,3068.0,422.40143,0.00038149953,0.018877577,0.052353274,-0.106981784,0.058554497,0.013712219,52.0,13.0,39.0,46.0,24.0,60.0,60.5,15.0,47.0,47.0,18.0,52.0,1.6640487,5588375.4998813905,-2400376.275484813,4,buildup
738,3012.0,2341.0,2675.0,3207.0,3264.0,527.3616,0.0003540218,0.021069104,0.031355504,-0.09917494,0.035528164,0.008808564,27.0,8.0,62.0,27.0,23.0,62.0,45.5,12.0,55.0,41.0,18.0,81.0,4.3442516,5588433.535575915,-2400375.2187952064,4,buildup
739,2714.0,2073.0,2445.0,2959.0,2986.0,553.33264,0.0006940961,0.024244934,0.043187,-0.09961332,0.044722687,0.0045416337,24.0,8.0,65.0,56.0,25.0,66.0,37.5,15.0,54.5,24.0,18.0,78.0,3.4945297,5588494.242732399,-2400377.4898566883,4,buildup
740,3229.0,2536.0,2901.0,3464.0,3532.0,526.98413,0.00035369396,0.01967251,0.035111304,-0.09808795,0.042517,0.009719835,9.0,10.0,96.0,58.0,25.0,74.0,26.0,14.5,74.0,19.0,19.5,81.0,2.4705558,5588433.458464782,-2400424.7520941133,4,buildup
741,1882.0,1467.0,1776.0,2010.0,2356.0,590.4651,0.0014867783,0.040147297,0.032887995,-0.14036787,0.026017334,0.07924872,58.0,22.0,24.0,53.0,29.0,44.0,58.5,28.0,23.5,53.5,21.0,37.5,3.7240548,5588433.736078749,-2400510.9951312314,4,buildup
742,1229.0,953.0,1222.0,3257.0,3252.0,726.45465,0.002028197,0.037423506,0.4520731,-0.4537327,0.37601513,-0.00076820306,24.0,52.0,28.0,15.5,42.0,51.5,25.5,47.0,34.5,35.0,34.0,23.0,2.2365127,5588800.368941305,-2400674.8404995147,4,buildup
744,241.0,304.0,492.0,4387.0,1432.0,1237.1727,0.0021513104,0.07695548,0.8958513,-0.48856547,0.76477534,-0.5078192,16.0,70.0,14.0,22.0,38.0,58.0,20.5,50.5,41.0,43.0,28.0,70.0,329.7995,5590549.441951901,-2404610.106782352,1,forest
745,186.0,236.0,426.0,4519.0,1402.0,849.59717,0.0008186698,0.043598868,0.9209352,-0.5339169,0.78128386,-0.5264313,24.0,62.0,70.0,25.5,38.0,64.5,24.0,49.5,44.0,32.5,27.0,70.5,293.78955,5590697.146837474,-2404621.0194918737,1,forest
746,333.0,367.0,734.0,5724.0,1870.0,2514.1326,0.0035396218,0.090346344,0.8900446,-0.43625197,0.9003306,-0.5075059,9.0,60.0,15.0,27.0,36.0,63.5,15.0,56.0,43.0,42.5,32.0,70.5,362.31516,5590447.957174035,-2404524.6322267586,1,forest
747,422.0,432.0,914.0,6316.0,1958.0,1323.5753,0.00078445673,0.039679606,0.87474036,-0.36350977,0.9440672,-0.52671015,12.0,68.0,34.0,12.0,37.0,65.0,19.0,56.0,42.5,31.0,29.0,72.0,386.0941,5590484.483389023,-2404460.429104424,1,forest
748,358.0,409.0,850.0,7489.0,2198.0,2006.7296,0.0004157424,0.05953963,0.908755,-0.44225717,1.0759226,-0.5461959,12.0,71.0,45.0,15.0,37.0,65.5,16.5,54.5,42.5,41.0,29.0,73.0,365.19415,5590484.369167774,-2404521.5054112393,1,forest
749,263.0,290.0,545.0,4331.0,1520.0,921.51013,0.0012422502,0.047368623,0.88550276,-0.47215497,0.740498,-0.48043066,24.0,62.0,19.0,15.0,36.0,63.0,28.0,52.0,25.5,27.0,27.0,71.0,341.78656,5590678.635394436,-2404481.1226125224,1,forest
750,207.0,286.0,442.0,3012.0,1109.0,1095.772,0.0049650073,0.07327473,0.8713886,-0.4300451,0.5791146,-0.4617811,12.0,52.0,40.0,33.0,35.0,64.0,19.0,52.0,38.5,42.0,27.0,67.0,328.38937,5590397.499857813,-2404626.0257441103,1,forest
751,278.0,301.0,575.0,4880.0,1566.0,1165.8993,0.00072437525,0.0544552,0.8922063,-0.4628678,0.80508035,-0.51411724,7.0,50.0,49.0,24.0,36.0,66.5,19.0,49.0,29.5,31.0,28.0,70.0,327.7496,5590797.0157227805,-2404722.134833861,1,forest
752,215.0,248.0,438.0,3966.0,1263.0,948.1083,0.00080117583,0.063063875,0.89715385,-0.48500887,0.7000224,-0.51692486,17.0,32.0,64.0,33.0,35.0,65.0,28.0,47.5,35.0,51.0,27.0,72.5,299.71335,5590321.323157404,-2404905.299337247,1,forest
753,462.0,464.0,796.0,5392.0,1814.0,1218.3018,0.0013729334,0.049818706,0.8421592,-0.3900383,0.8393489,-0.49653068,20.0,54.0,59.0,26.0,33.0,66.0,33.0,48.0,36.0,48.0,29.0,74.0,363.84082,5590663.480786774,-2404868.349136276,1,forest
754,319.0,318.0,528.0,3799.0,1551.0,805.05646,0.00070267916,0.050995637,0.8450705,-0.4920635,0.65276116,-0.4201869,14.0,42.0,50.0,20.0,32.0,66.0,39.0,47.0,43.0,23.0,28.5,67.0,444.61862,5591252.316148173,-2404954.975466583,5,baresoil
755,557.0,487.0,761.0,4307.0,1951.0,763.3729,0.0013654828,0.03850134,0.7709704,-0.43879053,0.6698103,-0.3764781,12.0,45.0,66.0,27.5,33.0,68.0,40.0,49.0,44.0,34.5,27.0,67.5,433.06912,5591258.919250797,-2404967.3557374836,5,baresoil
756,557.0,487.0,761.0,4307.0,1951.0,763.3729,0.0013654828,0.03850134,0.7709704,-0.43879053,0.6698103,-0.3764781,12.0,45.0,66.0,27.5,33.0,68.0,40.0,49.0,44.0,34.5,27.0,67.5,433.06912,5591278.899696783,-2404964.558069635,5,baresoil
757,297.0,343.0,618.0,4796.0,1862.0,628.18945,0.0007556677,0.033037383,0.8833693,-0.50161284,0.8030774,-0.44067293,23.0,38.0,67.0,23.0,31.0,67.5,36.0,52.0,41.0,30.0,28.5,68.0,420.48648,5591286.015489714,-2404973.077540143,5,baresoil
758,297.0,343.0,618.0,4796.0,1862.0,628.18945,0.0007556677,0.033037383,0.8833693,-0.50161284,0.8030774,-0.44067293,23.0,38.0,67.0,23.0,31.0,67.5,36.0,52.0,41.0,30.0,28.5,68.0,420.48648,5591297.051051239,-2404971.0034114835,5,baresoil
759,297.0,343.0,618.0,4796.0,1862.0,628.18945,0.0007556677,0.033037383,0.8833693,-0.50161284,0.8030774,-0.44067293,23.0,38.0,67.0,23.0,31.0,67.5,36.0,52.0,41.0,30.0,28.5,68.0,420.48648,5591290.723657423,-2404966.9422464464,5,baresoil
760,297.0,343.0,618.0,4796.0,1862.0,628.18945,0.0007556677,0.033037383,0.8833693,-0.50161284,0.8030774,-0.44067293,23.0,38.0,67.0,23.0,31.0,67.5,36.0,52.0,41.0,30.0,28.5,68.0,420.48648,5591296.637368399,-2404977.850544291,5,baresoil
761,557.0,487.0,761.0,4307.0,1951.0,763.3729,0.0013654828,0.03850134,0.7709704,-0.43879053,0.6698103,-0.3764781,12.0,45.0,66.0,27.5,33.0,68.0,40.0,49.0,44.0,34.5,27.0,67.5,433.06912,5591264.054048516,-2404961.206311771,5,baresoil
762,557.0,487.0,761.0,4307.0,1951.0,763.3729,0.0013654828,0.03850134,0.7709704,-0.43879053,0.6698103,-0.3764781,12.0,45.0,66.0,27.5,33.0,68.0,40.0,49.0,44.0,34.5,27.0,67.5,433.06912,5591271.489192589,-2404972.9183702655,5,baresoil
763,557.0,487.0,761.0,4307.0,1951.0,763.3729,0.0013654828,0.03850134,0.7709704,-0.43879053,0.6698103,-0.3764781,12.0,45.0,66.0,27.5,33.0,68.0,40.0,49.0,44.0,34.5,27.0,67.5,433.06912,5591279.2461268045,-2404975.0102627976,5,baresoil
764,708.0,607.0,797.0,2249.0,1642.0,860.44604,0.0025491714,0.07099005,0.5211363,-0.34645343,0.32253337,-0.15600106,21.0,48.0,29.0,27.0,43.0,42.0,29.0,47.5,30.0,29.0,44.0,35.0,1.7611434,5590144.751693512,-2400807.3739623413,6,water
765,1165.0,951.0,1099.0,2200.0,1966.0,785.1298,0.0021540523,0.059774008,0.30757803,-0.28287113,0.21459672,-0.056168973,38.0,41.0,20.0,35.5,39.0,49.0,39.5,36.5,28.0,46.0,38.0,22.0,1.5851934,5590135.514553526,-2400816.9661069065,6,water
766,791.0,684.0,838.0,1810.0,1591.0,820.85254,0.004342258,0.06719922,0.39177236,-0.3100041,0.22295642,-0.06439282,41.0,40.0,18.0,41.0,37.0,51.0,44.0,38.0,27.0,43.0,39.0,20.0,3.2689753,5590128.153244504,-2400823.5607311917,6,water
767,791.0,684.0,838.0,1810.0,1591.0,820.85254,0.004342258,0.06719922,0.39177236,-0.3100041,0.22295642,-0.06439282,41.0,40.0,18.0,41.0,37.0,51.0,44.0,38.0,27.0,43.0,39.0,20.0,3.2689753,5590121.693017248,-2400829.965474564,6,water
768,791.0,684.0,838.0,1810.0,1591.0,820.85254,0.004342258,0.06719922,0.39177236,-0.3100041,0.22295642,-0.06439282,41.0,40.0,18.0,41.0,37.0,51.0,44.0,38.0,27.0,43.0,39.0,20.0,3.2689753,5590111.793171466,-2400838.885647421,6,water
769,4864.0,5011.0,5087.0,3586.0,3527.0,1056.008,0.0011122227,0.03351236,-0.15124261,0.18110055,-0.61590374,-0.008294665,34.0,14.0,67.0,29.0,24.0,64.0,46.0,22.0,67.0,45.0,26.0,39.5,3.7782764,5590102.486833843,-2400847.9997167126,6,water
770,709.0,576.0,777.0,2037.0,1676.0,722.83215,0.0031510293,0.06313002,0.48361257,-0.36649007,0.2773369,-0.09722596,38.0,37.0,21.0,27.0,37.0,45.0,42.0,38.5,22.0,42.5,37.0,21.0,4.5186234,5590095.9498890415,-2400855.3143566116,6,water
771,709.0,576.0,777.0,2037.0,1676.0,722.83215,0.0031510293,0.06313002,0.48361257,-0.36649007,0.2773369,-0.09722596,38.0,37.0,21.0,27.0,37.0,45.0,42.0,38.5,22.0,42.5,37.0,21.0,4.5186234,5590088.835266619,-2400862.9149465114,6,water
772,709.0,576.0,777.0,2037.0,1676.0,722.83215,0.0031510293,0.06313002,0.48361257,-0.36649007,0.2773369,-0.09722596,38.0,37.0,21.0,27.0,37.0,45.0,42.0,38.5,22.0,42.5,37.0,21.0,4.5186234,5590080.074884086,-2400870.783384797,6,water
773,810.0,687.0,864.0,1876.0,1647.0,610.9652,0.002749741,0.05549099,0.3968727,-0.31182796,0.23006862,-0.06500142,42.0,36.0,25.0,43.5,30.5,40.0,42.0,37.0,26.5,43.0,35.0,24.0,4.466476,5590068.976895025,-2400880.5971177663,6,water
774,810.0,687.0,864.0,1876.0,1647.0,610.9652,0.002749741,0.05549099,0.3968727,-0.31182796,0.23006862,-0.06500142,42.0,36.0,25.0,43.5,30.5,40.0,42.0,37.0,26.5,43.0,35.0,24.0,4.466476,5590055.562915706,-2400891.3946952014,6,water
775,2200.0,2064.0,2189.0,2198.0,2462.0,759.3204,0.0019161701,0.04490328,-0.00045475987,-0.058697056,-0.00050414255,0.05665236,52.0,18.0,38.0,52.5,23.5,65.0,55.5,25.0,39.0,53.5,30.0,21.0,3.106348,5590045.647651283,-2400898.233786685,6,water
776,2200.0,2064.0,2189.0,2198.0,2462.0,759.3204,0.0019161701,0.04490328,-0.00045475987,-0.058697056,-0.00050414255,0.05665236,52.0,18.0,38.0,52.5,23.5,65.0,55.5,25.0,39.0,53.5,30.0,21.0,3.106348,5590037.983484408,-2400906.973389835,6,water
777,830.0,691.0,876.0,2117.0,1798.0,707.1046,0.0024944544,0.054376435,0.43671536,-0.3448018,0.27004912,-0.081481494,36.0,37.0,30.0,42.5,29.0,36.5,36.5,37.0,31.0,47.5,36.0,21.0,5.726684,5590030.051466494,-2400914.0672357995,6,water
778,830.0,691.0,876.0,2117.0,1798.0,707.1046,0.0024944544,0.054376435,0.43671536,-0.3448018,0.27004912,-0.081481494,36.0,37.0,30.0,42.5,29.0,36.5,36.5,37.0,31.0,47.5,36.0,21.0,5.726684,5590022.2067079935,-2400920.571082779,6,water
779,1632.0,1424.0,1580.0,2257.0,2107.0,786.99554,0.0023699403,0.054551437,0.1607097,-0.14293462,0.13743512,-0.034372136,47.0,26.0,28.0,46.0,28.0,46.0,55.0,26.0,27.5,50.0,30.0,24.5,4.44442,5590015.659901647,-2400930.8216516245,6,water
780,972.0,811.0,1062.0,2869.0,2445.0,984.7987,0.0025176406,0.060570177,0.4938818,-0.39435416,0.3758371,-0.079789266,51.0,36.0,28.0,56.5,30.0,45.0,55.0,37.0,30.0,47.0,35.0,24.5,4.9865627,5590011.7250878215,-2400942.58720746,6,water
781,972.0,811.0,1062.0,2869.0,2445.0,984.7987,0.0025176406,0.060570177,0.4938818,-0.39435416,0.3758371,-0.079789266,51.0,36.0,28.0,56.5,30.0,45.0,55.0,37.0,30.0,47.0,35.0,24.5,4.9865627,5590007.516646265,-2400954.1483089635,6,water
782,1201.0,1055.0,1183.0,1990.0,1726.0,839.93823,0.0017086864,0.07613023,0.24725792,-0.1866621,0.17481278,-0.07104413,56.0,28.0,17.0,53.5,25.0,36.0,58.0,29.5,17.5,51.0,31.0,14.0,5.0698395,5589998.05076673,-2400972.981835795,6,water
783,1201.0,1055.0,1183.0,1990.0,1726.0,839.93823,0.0017086864,0.07613023,0.24725792,-0.1866621,0.17481278,-0.07104413,56.0,28.0,17.0,53.5,25.0,36.0,58.0,29.5,17.5,51.0,31.0,14.0,5.0698395,5589999.467922042,-2400970.6399350846,6,water
