,red,blue,green,nir08,swir16,emad,smad,bcmad,ndvi,mndwi,evi,ndbi,bs_pc_50,pv_pc_50,npv_pc_50,bs_med_jan_apr,pv_med_jan_apr,npv_med_jan_apr,bs_med_may_aug,pv_med_may_aug,npv_med_may_aug,bs_med_sep_dec,pv_med_sep_dec,npv_med_sep_dec,dem,x,y,class_id,lulc
0,882.0,799.0,854.0,1372.0,1746.0,478.71365,0.003116399,0.052674066,0.21739128,-0.34307694,0.11479171,0.11994871,30.0,22.0,47.0,33.5,30.0,46.0,34.0,31.0,49.0,27.0,46.0,52.0,51.5,-1719668.6770441323,816896.3567708557,4,buildup
1,1044.0,869.0,989.0,2030.0,2328.0,638.7088,0.0023477077,0.046300873,0.3207547,-0.4036781,0.20931515,0.06838002,3.0,52.0,43.0,15.5,46.0,42.0,17.0,43.5,39.5,3.0,56.0,42.0,52.24949,-1719754.4444383266,816926.4082396722,4,buildup
2,883.0,779.0,846.0,1317.0,1656.0,468.24918,0.003019631,0.051567923,0.19727272,-0.323741,0.100719415,0.11402627,35.0,18.0,45.0,40.0,31.0,44.5,39.0,30.5,45.5,35.0,38.5,43.0,51.65,-1719829.6232653374,816891.4071189443,4,buildup
3,640.0,573.0,976.0,3430.0,2362.0,611.3741,0.0014386177,0.03653644,0.68550366,-0.41521868,0.53767586,-0.18439224,8.0,77.0,15.0,30.5,60.0,34.0,11.0,73.0,15.0,10.0,78.5,15.0,50.478775,-1719974.3336835299,817028.5833721646,4,buildup
4,822.0,723.0,766.0,1286.0,1760.0,385.08234,0.0019818842,0.040214077,0.22011387,-0.39350748,0.107452184,0.15561391,38.0,16.0,45.0,37.0,30.0,45.5,43.0,25.5,47.0,37.0,34.5,49.0,52.0,-1720164.9278928542,816918.2766639298,4,buildup
5,978.0,745.0,1005.0,2739.0,2708.0,720.6572,0.0019038022,0.047904782,0.4737692,-0.45865875,0.33814663,-0.00569122,12.0,34.0,55.0,26.0,36.0,57.0,23.5,37.0,49.5,13.0,46.0,44.0,52.542442,-1721285.1983009968,816950.9797485238,4,buildup
6,2620.0,1020.0,1276.0,3188.0,3594.0,975.32056,0.0027762353,0.041980922,0.09779616,-0.4759754,0.06679839,0.05986435,39.0,9.0,52.0,39.0,28.0,33.0,37.0,30.0,55.5,44.5,33.5,41.5,50.407406,-1721541.7945791075,817151.0877492263,4,buildup
7,492.0,461.0,669.0,3586.0,2137.0,793.6934,0.0009224415,0.04909607,0.75870526,-0.52316463,0.5913382,-0.2531889,20.0,61.0,19.0,22.5,57.0,25.0,22.0,59.0,17.0,23.0,63.0,24.0,43.63342,-1720921.4810182052,817178.6645345563,4,buildup
8,1082.0,972.0,1161.0,4130.0,2527.0,1183.8665,0.004251629,0.06553928,0.58480424,-0.37039047,0.57155716,-0.24079916,11.0,57.0,33.0,27.0,61.0,7.0,27.0,63.5,12.0,14.0,53.0,35.0,39.000088,-1720973.6297115842,817213.1355381538,4,buildup
9,2183.0,2071.0,2261.0,3499.0,3115.0,968.0653,0.0013536215,0.0421721,0.2316086,-0.15885419,0.2973474,-0.058058653,15.0,42.0,39.0,25.5,44.0,50.0,30.5,45.0,38.0,16.0,46.0,39.0,50.85018,-1720838.0960516222,817120.5058196323,4,buildup
10,1812.0,1579.0,1892.0,3415.0,2892.0,964.59546,0.0024063587,0.046068646,0.3066769,-0.20903012,0.32202986,-0.08292375,18.0,46.0,36.0,20.5,47.0,39.0,24.0,44.5,36.5,14.0,48.0,41.0,50.568546,-1720850.4493800045,817067.1200694302,4,buildup
11,2097.0,1790.0,2001.0,2800.0,3049.0,787.7443,0.0012694895,0.040124767,0.14355727,-0.20752473,0.14698502,0.04257136,20.0,26.0,58.0,18.5,33.0,53.0,24.5,33.5,50.0,43.0,36.0,53.0,53.513615,-1720935.8638219615,817074.8981221133,4,buildup
12,743.0,586.0,958.0,4392.0,2769.0,854.4406,0.0010359883,0.044704415,0.7106134,-0.48591363,0.63109654,-0.22664435,13.0,71.0,16.0,14.0,65.0,24.0,13.0,66.0,20.0,31.5,61.0,27.5,13.558635,-1719178.6028596002,818548.2427864383,4,buildup
13,1450.0,1481.0,1706.0,3698.0,2781.0,742.8618,0.00096815825,0.033353053,0.43667445,-0.23958105,0.4977637,-0.14153416,30.0,56.0,21.0,30.0,41.5,72.5,30.5,54.0,24.0,31.5,52.0,20.5,19.813753,-1727054.1144173974,814716.1720672037,4,buildup
14,688.0,1104.0,803.0,3652.0,4002.0,1023.9252,0.0018315315,0.04956829,0.6829493,-0.6657648,0.7800001,0.045727715,52.0,44.0,71.0,40.0,38.0,40.5,53.0,43.0,50.0,44.0,51.0,23.0,25.235432,-1726851.078641636,815016.5857873561,4,buildup
15,1274.0,1166.0,1265.0,2071.0,2073.0,638.3753,0.0012845993,0.05141792,0.23826608,-0.24206114,0.18163171,0.00048263365,37.0,23.0,40.0,43.0,27.0,52.0,46.5,31.5,33.0,36.0,28.0,40.0,11.064468,-1729132.6501557566,814219.8173426451,4,buildup
16,2459.0,2662.0,2541.0,3421.0,3169.0,689.1608,0.002147615,0.031543396,0.16360542,-0.10998253,0.29293543,-0.038239725,36.0,30.0,70.0,13.5,24.0,75.0,49.5,32.0,52.0,36.0,40.0,63.5,16.505587,-1729003.734350282,814239.7032523954,4,buildup
17,1009.0,968.0,1162.0,2359.0,1716.0,1598.3069,0.004164338,0.10895029,0.4008313,-0.19249478,0.30260915,-0.1577914,41.0,39.0,20.0,41.0,32.0,29.0,47.0,37.0,25.0,34.0,44.0,25.5,1.6792833,-1729562.0165550942,814066.8286805497,4,buildup
18,3480.0,3542.0,3454.0,3598.0,3722.0,1249.9946,0.0016323328,0.045720536,0.016671404,-0.03734672,0.0372805,0.016939893,20.0,16.0,85.0,20.0,18.0,75.0,50.0,25.0,44.5,37.0,31.0,78.5,3.6960166,-1730447.4854859111,813429.1601177553,4,buildup
19,1557.0,1847.0,1627.0,3265.0,3485.0,761.031,0.0018381774,0.038860336,0.35420987,-0.36345854,0.48774913,0.032592613,33.0,43.0,24.0,39.0,35.0,49.0,34.0,42.5,31.0,34.5,41.0,24.0,6.0203223,-1730709.5525237336,813256.288407979,4,buildup
20,2143.0,2006.0,2187.0,3531.0,3776.0,2453.904,0.007429838,0.103053026,0.2446246,-0.2664766,0.30588856,0.03352951,31.0,49.0,25.0,30.0,46.0,35.5,34.0,45.0,24.5,22.0,62.0,33.0,74.35145,-1711622.0718882272,831742.724957848,4,buildup
21,961.0,796.0,1099.0,3210.0,1651.0,896.9077,0.0034771562,0.06013161,0.53919923,-0.20072727,0.43230048,-0.32071593,37.0,49.0,16.0,49.0,35.0,17.0,37.0,44.0,25.0,37.0,53.0,15.5,19.538235,-1710290.559564754,831585.1718305666,4,buildup
22,280.0,325.0,583.0,4620.0,1805.0,576.16705,0.00056934357,0.029819548,0.8857143,-0.51172525,0.7826871,-0.4381323,7.0,86.0,10.0,20.5,82.0,12.0,13.0,78.0,10.5,8.0,81.0,25.0,8.450698,-1720426.994930668,812757.5622463359,4,buildup
23,1762.0,1474.0,1811.0,3957.0,2941.0,679.02966,0.0011308491,0.031057164,0.38380837,-0.2377946,0.40726593,-0.1472891,25.0,62.0,10.0,29.0,58.0,12.0,29.0,53.0,34.0,34.0,63.0,11.0,14.175033,-1728124.3538455807,813120.801957574,4,buildup
24,1533.0,950.0,1440.0,2890.0,2270.0,744.53723,0.0015580058,0.05014441,0.3068053,-0.22371969,0.2267259,-0.120155044,13.0,49.0,37.0,18.0,46.0,41.0,28.0,45.5,35.0,22.0,50.0,42.0,17.167662,-1728007.3501781912,813347.7618593862,4,buildup
25,2082.0,1435.0,1946.0,2381.0,2229.0,2077.4604,0.008559585,0.099081576,0.06699533,-0.067784436,0.052974757,-0.032971807,24.0,20.0,81.0,17.0,18.0,76.0,45.0,27.0,62.0,36.0,31.0,70.5,2.655528,-1728497.6008388433,813337.1562330774,4,buildup
26,1476.0,1266.0,1371.0,2304.0,2881.0,604.4501,0.00093925,0.04156496,0.21904762,-0.35512704,0.17745394,0.111282565,17.0,24.0,57.0,27.5,24.0,62.5,16.0,32.5,55.0,19.0,29.0,62.0,14.613631,-1728664.3707720037,814006.3757535327,4,buildup
27,2708.0,2640.0,2798.0,2403.0,2679.0,953.1212,0.0030127764,0.047373317,-0.0596752,0.021727238,-0.086148456,0.05430931,60.0,24.0,25.0,65.0,27.0,54.0,56.5,33.0,21.0,45.0,33.0,47.0,20.106358,-1728435.1282924525,814008.4969076026,4,buildup
28,3852.0,3918.0,4084.0,3489.0,3651.0,1481.4521,0.0012426972,0.05834359,-0.04944831,0.055979323,-0.1257622,0.022689084,30.0,16.0,43.0,28.0,20.0,63.0,44.0,28.5,40.0,47.0,28.0,64.0,19.51897,-1728322.3600519365,814080.6162006792,4,buildup
29,1305.0,1192.0,1293.0,1952.0,2189.0,1029.4758,0.0079910755,0.075212404,0.19864905,-0.25732338,0.14918834,0.05723255,49.0,16.0,34.0,34.0,21.0,58.5,51.0,28.0,35.0,41.0,34.0,38.0,22.40383,-1727851.698240575,814076.3738863794,4,buildup
30,1016.0,887.0,1195.0,3235.0,2521.0,1113.2595,0.00296551,0.055542093,0.5219949,-0.3568353,0.43755177,-0.1240445,16.0,33.0,48.0,26.0,33.0,51.0,32.0,41.5,33.0,28.0,42.0,42.5,2.7991376,-1729198.1669151995,813710.3430902511,4,buildup
31,2394.0,2315.0,2422.0,3164.0,3260.0,750.98914,0.0021347106,0.030838987,0.13853903,-0.14748329,0.18936598,0.014943981,18.0,15.0,67.0,27.0,19.0,66.0,22.0,28.0,56.0,32.0,20.0,59.0,2.288391,-1729142.7092945708,813736.1945054063,4,buildup
32,2034.0,1781.0,1907.0,2287.0,2338.0,734.53217,0.0019117296,0.0410635,0.058551252,-0.101531215,0.056810517,0.011027021,42.0,22.0,37.0,45.0,28.0,42.0,39.5,27.5,41.0,42.0,23.0,41.0,5.861681,-1729117.4290904196,813682.768262464,4,buildup
33,538.0,768.0,888.0,2063.0,1892.0,1210.9623,0.008933485,0.09525267,0.58631295,-0.3611511,0.40001053,-0.043236427,17.0,41.0,41.0,20.0,34.0,54.0,38.5,41.0,35.0,15.0,40.0,55.0,2.9557745,-1729213.9174088887,813713.922516151,4,buildup
34,1028.0,850.0,1111.0,2745.0,2241.0,890.87616,0.0019301176,0.06689376,0.45507556,-0.33711213,0.34235927,-0.10108307,39.0,48.0,12.0,38.0,47.0,16.0,47.0,44.5,35.0,43.0,48.0,18.0,3.3062358,-1729043.706191393,813721.8767968648,4,buildup
35,1774.0,1598.0,1688.0,2143.0,2063.0,592.8055,0.0025018156,0.03831745,0.09420478,-0.09997336,0.08540088,-0.01902045,35.0,28.0,37.0,40.0,27.0,54.5,35.0,31.0,47.0,39.0,34.0,42.0,2.319482,-1729078.251391835,813751.0425038718,4,buildup
36,1548.0,1339.0,1532.0,2662.0,2277.0,751.06433,0.0030002296,0.045934305,0.2646081,-0.19558938,0.23388624,-0.07795102,31.0,36.0,32.0,38.0,31.0,39.0,29.0,40.5,36.0,29.0,42.0,33.5,6.0056725,-1728858.0091943943,813870.3569407468,4,buildup
37,769.0,741.0,947.0,2782.0,2943.0,457.26886,0.0010502636,0.02953127,0.56688255,-0.5131105,0.42509612,0.028122252,16.0,51.0,26.0,20.0,33.0,57.0,15.5,53.0,31.0,26.0,58.0,21.5,6.0812035,-1728858.4062656632,813899.1250207056,4,buildup
38,1114.0,932.0,1085.0,2514.0,2615.0,640.49585,0.0018203259,0.047059543,0.3858875,-0.4135135,0.28669724,0.01969196,13.0,55.0,28.0,26.0,41.0,57.0,17.0,54.5,28.0,16.0,56.0,30.0,8.593146,-1728844.3764141474,813922.5902413022,4,buildup
39,1999.0,1671.0,1804.0,2596.0,2955.0,640.5582,0.0010498166,0.032036576,0.12992385,-0.24185756,0.123781905,0.06467302,20.0,20.0,60.0,26.5,25.0,63.0,20.0,24.0,58.0,25.0,30.0,61.0,13.607549,-1728661.4589160231,813955.0703674696,4,buildup
40,1999.0,1671.0,1804.0,2596.0,2955.0,640.5582,0.0010498166,0.032036576,0.12992385,-0.24185756,0.123781905,0.06467302,20.0,20.0,60.0,26.5,25.0,63.0,20.0,24.0,58.0,25.0,30.0,61.0,13.607549,-1728675.753481728,813972.0395848145,4,buildup
41,979.0,947.0,1055.0,2201.0,2319.0,619.33563,0.0015133619,0.04297245,0.3842767,-0.37462953,0.27842334,0.026106207,17.0,32.0,53.0,25.0,27.0,62.5,17.0,38.5,48.5,29.0,34.0,58.0,12.761956,-1728659.87063095,814030.9016030796,4,buildup
42,337.0,317.0,541.0,3675.0,915.0,732.24243,0.004110962,0.058366742,0.832004,-0.25686815,0.6265251,-0.6013073,12.0,84.0,9.0,40.5,56.0,58.0,24.5,64.0,31.0,20.0,79.0,15.5,3.2922885,-1729058.2654712752,814065.1052408079,7,mangroves
43,327.0,307.0,546.0,3207.0,900.0,802.2821,0.0044715405,0.066704854,0.8149406,-0.2448133,0.5595927,-0.5617239,7.0,84.0,13.0,20.5,39.0,54.5,21.0,57.5,26.0,29.0,68.0,11.5,3.9785225,-1729025.9703413616,813995.6374124647,7,mangroves
44,295.0,296.0,553.0,4062.0,1136.0,768.26843,0.0029244423,0.05167845,0.8645857,-0.34517467,0.69185275,-0.56290877,16.0,78.0,7.0,23.5,50.5,46.0,33.0,64.0,33.0,43.0,58.0,21.5,3.5441427,-1729018.5583443304,814033.2879026105,7,mangroves
45,381.0,512.0,646.0,2881.0,757.0,1269.385,0.012900919,0.09900434,0.76640093,-0.07911619,0.551779,-0.58383733,13.0,91.0,10.0,25.0,61.0,69.0,42.5,58.0,32.0,45.0,70.0,32.0,0.0,-1728724.725604949,813559.2120132569,7,mangroves
46,334.0,335.0,550.0,2514.0,772.0,624.7828,0.0028867722,0.059017405,0.76544946,-0.1679274,0.45395857,-0.5301278,10.0,89.0,13.0,13.0,71.0,59.0,24.0,61.5,36.0,45.0,56.0,14.0,2.7179637,-1728583.8976613954,813490.805468594,7,mangroves
47,270.0,283.0,512.0,4821.0,1005.0,516.9345,0.00028270483,0.03271269,0.89393044,-0.32498354,0.79460144,-0.6549949,16.0,84.0,10.0,18.5,57.0,65.5,28.0,60.0,34.0,29.0,83.0,47.5,7.1911407,-1728723.6667482336,813689.1316828827,7,mangroves
48,218.0,254.0,450.0,4653.0,904.0,725.75616,0.00020813942,0.035314955,0.91049063,-0.33530283,0.78880906,-0.67464453,3.0,99.0,9.0,22.0,61.0,44.5,41.0,63.5,33.0,34.5,91.0,33.0,5.930918,-1728606.1336524833,813615.422113726,7,mangroves
49,330.0,377.0,642.0,4170.0,1039.0,870.8562,0.001229763,0.054768987,0.85333335,-0.23616895,0.7205855,-0.601075,7.0,93.0,5.0,10.0,75.0,54.0,33.0,56.0,45.0,46.5,54.0,19.0,4.0667706,-1728320.7717668575,813148.7741783834,7,mangroves
50,216.0,226.0,475.0,4863.0,925.0,352.46393,0.00014311075,0.020416874,0.9149439,-0.3214286,0.8032011,-0.6803732,6.0,100.0,16.0,21.0,80.0,70.5,35.0,63.0,33.0,39.0,79.0,18.5,7.3346305,-1727859.6396659638,812988.0998385183,7,mangroves
51,280.0,303.0,560.0,4206.0,853.0,520.73206,0.0007559061,0.036121104,0.8751672,-0.20736021,0.7209755,-0.66277915,2.0,96.0,5.0,34.0,63.0,66.0,33.0,55.0,34.0,34.5,75.0,38.0,5.858571,-1727825.7562509712,813101.5793506352,7,mangroves
52,304.0,331.0,556.0,4298.0,1010.0,654.1129,0.0010034144,0.042567886,0.8678835,-0.28991064,0.73206496,-0.61944234,17.0,94.0,6.0,33.5,62.0,62.0,39.5,53.5,31.0,39.0,80.0,12.0,11.869373,-1727886.1110839252,813146.1227823605,7,mangroves
53,313.0,338.0,554.0,3990.0,899.0,603.24774,0.0023857653,0.04521179,0.8545201,-0.2374398,0.6894547,-0.6322356,3.0,95.0,6.0,42.0,59.0,63.0,44.0,55.0,31.0,45.0,82.5,25.0,7.539208,-1727834.227104721,813197.0296110637,7,mangroves
54,333.0,385.0,681.0,4494.0,1038.0,652.97076,0.00085663795,0.036320534,0.86202604,-0.20767888,0.76463664,-0.62472886,9.0,100.0,10.0,79.0,93.0,67.0,37.5,66.5,42.0,35.0,74.0,10.0,4.263866,-1727914.1707869628,812662.7756842996,7,mangroves
55,356.0,367.0,692.0,4510.0,1264.0,567.51495,0.0011208653,0.03357242,0.8536786,-0.2924335,0.74747175,-0.56217533,9.0,82.0,9.0,10.0,75.0,12.0,14.0,61.5,18.5,32.0,68.0,7.0,6.214389,-1727855.9336674456,812728.7948368071,7,mangroves
56,246.0,284.0,451.0,4496.0,844.0,518.74304,0.00020873547,0.032695334,0.8962463,-0.30347487,0.76759136,-0.6838951,5.0,94.0,15.0,33.0,66.0,74.0,40.0,52.5,33.0,32.0,86.0,57.5,9.861442,-1729140.0621527708,814545.8147096969,7,mangroves
57,287.0,326.0,538.0,4052.0,899.0,532.64233,0.0010670424,0.03851912,0.8677115,-0.2512178,0.70616704,-0.636841,7.0,96.0,9.0,37.0,64.0,63.5,32.0,75.0,14.5,16.0,85.0,38.5,11.716681,-1728777.9331550552,814336.3488888736,7,mangroves
58,299.0,338.0,563.0,3768.0,882.0,906.2485,0.0010076761,0.04676185,0.8529628,-0.22076127,0.6657327,-0.62064517,14.0,89.0,10.0,9.0,59.0,65.5,26.0,60.5,12.5,43.0,58.0,59.0,11.166532,-1728131.5011284288,814458.8465131702,7,mangroves
59,733.0,583.0,906.0,3251.0,2499.0,620.8854,0.00076520443,0.04051195,0.6320281,-0.46784142,0.4741461,-0.13078262,4.0,79.0,14.0,7.0,72.0,22.5,27.0,57.5,20.0,32.5,85.0,12.0,30.040274,-1723304.7027772837,835027.4544669954,5,baresoil
60,686.0,624.0,1094.0,4168.0,2390.0,717.11194,0.0007997751,0.040327676,0.7173465,-0.37198618,0.6398853,-0.27111924,4.0,76.0,18.0,5.0,74.0,20.0,6.5,59.0,25.5,24.5,50.0,35.0,27.497486,-1723546.6515374547,835074.1401815126,5,baresoil
61,681.0,585.0,940.0,4277.0,2195.0,713.79126,0.001466155,0.041344482,0.72529244,-0.400319,0.64326864,-0.32169348,4.0,86.0,14.0,4.5,74.0,17.5,26.0,59.5,22.0,43.0,93.0,34.0,27.344545,-1723331.174195248,835058.755111456,5,baresoil
62,805.0,614.0,916.0,3486.0,2700.0,716.04364,0.0012184381,0.046793196,0.62479603,-0.49336284,0.4888411,-0.12706108,5.0,83.0,10.0,7.0,76.0,21.0,28.0,61.5,17.0,28.5,91.0,32.0,24.171885,-1723266.05450706,835033.2901788126,5,baresoil
63,741.0,598.0,904.0,3464.0,2412.0,600.0778,0.0008152425,0.039011326,0.64756244,-0.45476472,0.5070764,-0.17903334,2.0,75.0,21.0,4.0,69.0,22.5,23.0,59.0,24.5,38.0,61.0,39.0,33.54186,-1723285.6433563535,834907.5572730484,5,baresoil
64,643.0,506.0,847.0,4229.0,2263.0,453.63617,0.0005902946,0.02626378,0.7360427,-0.4553055,0.62727404,-0.30283427,2.0,82.0,12.0,6.0,80.0,13.0,8.0,61.5,22.0,47.0,64.0,34.0,6.4645,-1723679.5380556253,835223.7469834543,5,baresoil
65,581.0,579.0,1290.0,5431.0,2451.0,678.563,0.00043958426,0.031178493,0.80671996,-0.31034487,0.83193254,-0.37807658,5.0,98.0,34.0,5.0,91.0,29.0,22.0,70.0,48.0,37.5,53.0,50.0,17.97916,-1723592.182376352,835081.0369386652,5,baresoil
66,508.0,521.0,856.0,4516.0,2190.0,718.85657,0.001180768,0.042217948,0.79777074,-0.4379514,0.73371655,-0.34685355,5.0,64.0,26.0,6.5,64.0,31.5,15.0,57.5,24.0,18.5,61.0,43.0,40.423557,-1723427.5301566285,834959.5480546774,5,baresoil
67,766.0,625.0,1037.0,3869.0,2568.0,729.68164,0.0013156533,0.04113395,0.6694714,-0.42468795,0.5630557,-0.20211281,7.0,80.0,12.0,7.0,73.0,26.0,23.0,59.0,22.0,19.0,85.0,18.5,17.956585,-1723280.8785011224,835059.8161506109,5,baresoil
68,2780.0,2854.0,2878.0,3361.0,3275.0,1754.6471,0.0048035085,0.06614454,0.09461003,-0.06452133,0.16819133,-0.012959654,20.0,45.0,37.0,17.0,43.0,45.0,23.0,44.5,44.5,25.0,44.0,48.0,55.155666,-1724018.1074913514,834420.544333211,5,baresoil
69,1474.0,640.0,868.0,2527.0,2833.0,838.80554,0.0015723109,0.05366489,0.2631842,-0.53093755,0.15886186,0.05708957,5.0,43.0,54.0,5.5,43.0,51.0,9.0,45.0,51.0,14.5,38.0,57.0,42.76337,-1723930.2223837206,834403.5679368807,5,baresoil
70,366.0,402.0,739.0,4791.0,2006.0,934.71765,0.0008368492,0.046239346,0.858057,-0.46156645,0.7917621,-0.40973955,4.0,96.0,3.0,6.5,70.0,51.0,16.0,64.0,28.0,34.0,91.0,35.0,52.86893,-1724049.8731929073,834475.717662959,5,baresoil
71,1510.0,642.0,822.0,2443.0,2820.0,659.2184,0.0017577708,0.04493626,0.23602329,-0.5485997,0.1397711,0.07163217,18.0,19.0,61.0,18.0,37.0,56.5,17.0,33.0,59.0,22.0,32.0,62.0,42.89766,-1723934.7225247712,834370.9414421264,5,baresoil
72,1296.0,761.0,984.0,3268.0,3052.0,775.9482,0.0024313927,0.038389884,0.4320771,-0.5123885,0.32145533,-0.034177184,8.0,59.0,34.0,10.5,54.0,36.0,13.0,55.5,32.0,36.0,58.0,53.0,63.03487,-1724247.085256722,834386.3262905343,5,baresoil
73,703.0,514.0,733.0,2712.0,2644.0,458.05698,0.0003080368,0.035948984,0.588287,-0.56588686,0.38413003,-0.012696034,2.0,67.0,31.0,7.5,57.0,34.0,34.0,48.5,28.5,32.0,67.0,24.0,11.1622095,-1724098.580601951,822826.2688255613,5,baresoil
74,606.0,470.0,661.0,2691.0,2444.0,453.1854,0.00043058395,0.03696646,0.63239306,-0.5742351,0.40716293,-0.0481013,2.0,70.0,25.0,4.0,67.0,29.0,31.0,49.5,43.0,27.0,70.0,26.5,4.1979394,-1724191.230564819,822776.4126998459,5,baresoil
75,655.0,483.0,794.0,2946.0,2700.0,417.75937,0.00034058094,0.028703477,0.6362122,-0.5455066,0.43215,-0.043570668,2.0,75.0,21.0,3.5,60.0,29.0,20.0,55.5,23.0,25.0,66.0,32.0,31.455746,-1723918.0455314524,822657.0764371784,5,baresoil
76,645.0,520.0,815.0,3158.0,2729.0,509.47382,0.00034689903,0.03252557,0.6607941,-0.54006773,0.47855732,-0.072872475,3.0,75.0,20.0,4.0,62.0,28.0,15.0,50.0,31.5,16.5,67.0,28.0,25.724985,-1724036.637483921,822620.4800422069,5,baresoil
77,897.0,628.0,1001.0,3403.0,2504.0,529.7164,0.00068712234,0.03144998,0.5827906,-0.42881593,0.44511542,-0.15219228,1.0,81.0,17.0,9.5,79.0,20.5,34.0,55.0,16.0,48.5,76.0,18.0,14.489541,-1724265.3505351085,822556.8342037678,5,baresoil
78,701.0,524.0,729.0,2850.0,2523.0,440.91663,0.0003874898,0.030037517,0.6051816,-0.55166054,0.40930212,-0.06085986,2.0,71.0,27.0,10.0,62.0,30.5,32.5,51.0,27.0,9.0,70.0,27.0,4.5743794,-1724204.9957021603,822818.3130573774,5,baresoil
79,1434.0,768.0,1023.0,2845.0,2832.0,1058.868,0.0017572045,0.06088382,0.32974994,-0.46926066,0.22483908,-0.0022899543,26.0,24.0,68.0,26.0,29.5,67.0,50.5,36.5,53.0,41.0,48.0,14.0,44.540527,-1723182.1401121079,822385.7864273143,5,baresoil
80,4034.0,4326.0,4295.0,4400.0,3486.0,1213.1146,0.0021508634,0.036952622,0.043395773,0.10397123,0.14856298,-0.1159016,3.0,25.0,63.0,15.0,33.0,63.0,34.0,43.0,50.0,41.0,51.0,45.0,47.33381,-1723151.9626956338,822396.3940237934,5,baresoil
81,708.0,526.0,808.0,3466.0,2655.0,562.64905,0.0008160174,0.031628262,0.66075706,-0.5333526,0.5007626,-0.13249467,6.0,45.0,48.0,14.0,45.0,51.0,34.0,48.5,42.5,38.0,58.0,40.5,52.251236,-1723148.2566971208,822422.3826449822,5,baresoil
82,299.0,320.0,624.0,4516.0,1897.0,708.9386,0.00057816505,0.043116838,0.87580484,-0.5049584,0.757908,-0.4083892,4.0,87.0,10.0,11.0,60.0,40.0,27.0,44.5,52.0,26.0,73.0,51.0,79.85007,-1722871.3656652416,822604.3033836774,5,baresoil
83,751.0,507.0,768.0,2925.0,2685.0,461.61053,0.0005517006,0.028664876,0.59140366,-0.5551694,0.39879662,-0.04278073,4.0,82.0,14.0,13.0,74.0,18.5,33.0,54.0,29.0,18.0,77.0,20.0,23.457855,-1723991.636073373,822518.6467408454,5,baresoil
84,665.0,503.0,821.0,2815.0,2596.0,567.21326,0.0006533563,0.041027136,0.6178161,-0.5194615,0.41243047,-0.040473104,3.0,74.0,24.0,5.0,65.0,28.5,12.0,58.5,27.0,24.0,67.0,24.0,24.261625,-1724084.0213220634,822417.344033662,5,baresoil
85,687.0,500.0,784.0,2904.0,2735.0,428.57806,0.0002875626,0.031616993,0.6173768,-0.55441886,0.41748267,-0.029969858,5.0,84.0,13.0,5.5,78.0,18.0,26.0,62.0,12.0,21.0,78.0,16.0,22.528427,-1724203.6721312501,822378.22851624,5,baresoil
86,1528.0,1427.0,1528.0,1872.0,2157.0,730.9045,0.002131343,0.061681643,0.101176485,-0.17069201,0.08319227,0.070737176,44.0,10.0,42.0,50.0,23.0,31.0,41.0,21.0,45.0,50.0,26.0,42.0,47.22607,-1716303.5421547424,816639.8593992762,5,baresoil
87,2708.0,2177.0,2560.0,2743.0,2766.0,1727.7715,0.0015412867,0.08726986,0.006420867,-0.03867816,0.006909651,0.004174976,42.0,13.0,47.0,38.5,32.5,48.0,42.5,21.5,57.5,41.5,35.5,45.0,50.002647,-1716314.6601502835,816682.2847845996,5,baresoil
88,2513.0,1838.0,2234.0,3003.0,3242.0,1061.7043,0.0012468994,0.049698334,0.08883248,-0.18407597,0.085688286,0.03827062,7.0,9.0,90.0,37.5,23.0,65.0,15.0,21.0,78.0,33.0,52.0,82.0,49.639793,-1716262.7761710791,816590.0096186639,5,baresoil
89,3441.0,2517.0,3033.0,3598.0,3836.0,1401.6407,0.0024595857,0.05972822,0.022304323,-0.11690202,0.025542598,0.032015048,15.0,5.0,90.0,24.0,23.5,69.0,24.5,26.0,79.0,27.0,39.0,75.5,43.491104,-1716310.954151768,816583.6458205496,5,baresoil
90,565.0,498.0,782.0,3842.0,2440.0,869.624,0.0035449862,0.049912173,0.7435898,-0.5145872,0.60698676,-0.22317734,8.0,81.0,11.0,17.0,63.0,18.0,9.0,66.5,12.5,7.5,81.0,13.0,14.455906,-1716508.9603581263,816647.6815769213,5,baresoil
91,1600.0,1375.0,1568.0,1870.0,2150.0,898.45825,0.0020350218,0.07087277,0.077809826,-0.15653577,0.060497448,0.06965173,37.0,14.0,49.0,43.5,31.0,41.0,37.5,19.0,56.0,45.0,39.5,43.5,61.77407,-1716273.6294524455,816675.2580776061,5,baresoil
92,1851.0,1146.0,1676.0,3474.0,2835.0,925.3015,0.001096487,0.050295778,0.30478874,-0.25692746,0.25383174,-0.101283915,10.0,16.0,73.0,29.0,27.0,56.0,9.0,24.0,76.5,19.0,38.0,69.0,18.064146,-1716458.1352356402,816716.2251194232,5,baresoil
93,1851.0,1146.0,1676.0,3474.0,2835.0,925.3015,0.001096487,0.050295778,0.30478874,-0.25692746,0.25383174,-0.101283915,10.0,16.0,73.0,29.0,27.0,56.0,9.0,24.0,76.5,19.0,38.0,69.0,18.064146,-1716460.650020346,816713.175791501,5,baresoil
94,1851.0,1146.0,1676.0,3474.0,2835.0,925.3015,0.001096487,0.050295778,0.30478874,-0.25692746,0.25383174,-0.101283915,10.0,16.0,73.0,29.0,27.0,56.0,9.0,24.0,76.5,19.0,38.0,69.0,18.064146,-1716461.9735912445,816717.9486526808,5,baresoil
95,2541.0,1725.0,2227.0,3327.0,3523.0,1419.8379,0.0012483597,0.06623537,0.13394687,-0.22539128,0.12567557,0.028613102,19.0,7.0,79.0,20.5,20.0,74.0,14.0,22.5,76.5,23.0,36.0,59.0,20.122982,-1716427.2960337168,816717.5509142315,5,baresoil
96,1851.0,1146.0,1676.0,3474.0,2835.0,925.3015,0.001096487,0.050295778,0.30478874,-0.25692746,0.25383174,-0.101283915,10.0,16.0,73.0,29.0,27.0,56.0,9.0,24.0,76.5,19.0,38.0,69.0,18.064146,-1716453.3703804063,816714.5015862263,5,baresoil
97,1851.0,1146.0,1676.0,3474.0,2835.0,925.3015,0.001096487,0.050295778,0.30478874,-0.25692746,0.25383174,-0.101283915,10.0,16.0,73.0,29.0,27.0,56.0,9.0,24.0,76.5,19.0,38.0,69.0,18.064146,-1716458.267592729,816719.9373449772,5,baresoil
98,2541.0,1725.0,2227.0,3327.0,3523.0,1419.8379,0.0012483597,0.06623537,0.13394687,-0.22539128,0.12567557,0.028613102,19.0,7.0,79.0,20.5,20.0,74.0,14.0,22.5,76.5,23.0,36.0,59.0,20.122982,-1716430.6049609606,816717.6834937143,5,baresoil
99,2541.0,1725.0,2227.0,3327.0,3523.0,1419.8379,0.0012483597,0.06623537,0.13394687,-0.22539128,0.12567557,0.028613102,19.0,7.0,79.0,20.5,20.0,74.0,14.0,22.5,76.5,23.0,36.0,59.0,20.122982,-1716429.4137471535,816712.9106325603,5,baresoil
100,2082.0,1389.0,1850.0,3506.0,2895.0,1038.9799,0.002113223,0.045518234,0.25483182,-0.22023182,0.22849075,-0.09545384,16.0,25.0,62.0,26.5,27.0,54.0,18.0,29.5,62.5,22.0,38.0,46.0,24.216457,-1716454.693951305,816767.5334047892,5,baresoil
102,1851.0,1146.0,1676.0,3474.0,2835.0,925.3015,0.001096487,0.050295778,0.30478874,-0.25692746,0.25383174,-0.101283915,10.0,16.0,73.0,29.0,27.0,56.0,9.0,24.0,76.5,19.0,38.0,69.0,18.064146,-1716470.7091591717,816730.145966707,5,baresoil
103,1851.0,1146.0,1676.0,3474.0,2835.0,925.3015,0.001096487,0.050295778,0.30478874,-0.25692746,0.25383174,-0.101283915,10.0,16.0,73.0,29.0,27.0,56.0,9.0,24.0,76.5,19.0,38.0,69.0,18.064146,-1716465.414875577,816731.7369209355,5,baresoil
104,2082.0,1389.0,1850.0,3506.0,2895.0,1038.9799,0.002113223,0.045518234,0.25483182,-0.22023182,0.22849075,-0.09545384,16.0,25.0,62.0,26.5,27.0,54.0,18.0,29.5,62.5,22.0,38.0,46.0,24.216457,-1716459.061735267,816767.6659844076,5,baresoil
105,609.0,519.0,826.0,4307.0,2169.0,494.85645,0.0007828176,0.027316026,0.75223756,-0.44841406,0.6571418,-0.33014205,20.0,46.0,34.0,28.0,45.0,39.0,20.5,51.0,33.0,16.0,48.0,43.0,20.738943,-1716462.635376694,816773.8972268911,5,baresoil
106,609.0,519.0,826.0,4307.0,2169.0,494.85645,0.0007828176,0.027316026,0.75223756,-0.44841406,0.6571418,-0.33014205,20.0,46.0,34.0,28.0,45.0,39.0,20.5,51.0,33.0,16.0,48.0,43.0,20.738943,-1716450.9879527893,816775.4881825462,5,baresoil
107,1526.0,1358.0,1524.0,1827.0,2108.0,1050.0469,0.0027441978,0.07945704,0.08977032,-0.16079296,0.069688804,0.071410455,44.0,10.0,42.0,38.5,32.5,48.0,42.5,21.5,57.5,41.5,35.5,45.0,50.01338,-1716314.2630790174,816673.6671252201,5,baresoil
108,1526.0,1358.0,1524.0,1827.0,2108.0,1050.0469,0.0027441978,0.07945704,0.08977032,-0.16079296,0.069688804,0.071410455,44.0,10.0,42.0,38.5,32.5,48.0,42.5,21.5,57.5,41.5,35.5,45.0,50.01338,-1716320.7485764162,816675.390656974,5,baresoil
109,1526.0,1358.0,1524.0,1827.0,2108.0,1050.0469,0.0027441978,0.07945704,0.08977032,-0.16079296,0.069688804,0.071410455,44.0,10.0,42.0,38.5,32.5,48.0,42.5,21.5,57.5,41.5,35.5,45.0,50.01338,-1716308.439367065,816674.9929188715,5,baresoil
110,2713.0,2167.0,2511.0,3149.0,3311.0,1796.2048,0.0013633668,0.08144276,0.07437739,-0.13740979,0.08273563,0.025077362,29.0,8.0,66.0,27.0,23.0,55.0,32.0,22.5,64.5,29.0,38.0,54.0,50.01338,-1716333.9842853996,816676.7164506728,5,baresoil
111,1719.0,1541.0,1674.0,2326.0,2504.0,1398.6144,0.0029782355,0.08196981,0.1500618,-0.19865966,0.1369276,0.036853008,41.0,13.0,47.0,36.0,25.0,44.0,41.0,21.0,56.0,37.0,39.0,42.0,44.348938,-1716318.4985058878,816601.5440048617,5,baresoil
112,1719.0,1541.0,1674.0,2326.0,2504.0,1398.6144,0.0029782355,0.08196981,0.1500618,-0.19865966,0.1369276,0.036853008,41.0,13.0,47.0,36.0,25.0,44.0,41.0,21.0,56.0,37.0,39.0,42.0,44.348938,-1716314.6601502835,816619.0444580929,5,baresoil
113,3763.0,2757.0,3342.0,4454.0,4408.0,2227.25,0.0013911426,0.07433932,0.08409394,-0.13754842,0.1056284,-0.0051906887,16.0,10.0,100.0,28.0,26.5,87.0,28.0,24.0,91.0,26.0,39.0,66.0,50.02802,-1716288.1887323193,816588.5512481895,5,baresoil
114,1931.0,1242.0,1736.0,3824.0,3304.0,1304.523,0.0022069812,0.05921812,0.32893136,-0.3111111,0.29403538,-0.07295176,24.0,30.0,61.0,31.5,41.0,40.5,13.5,35.5,62.0,19.5,40.0,46.0,31.77119,-1716378.1253748455,816838.5961320569,5,baresoil
115,1931.0,1242.0,1736.0,3824.0,3304.0,1304.523,0.0022069812,0.05921812,0.32893136,-0.3111111,0.29403538,-0.07295176,24.0,30.0,61.0,31.5,41.0,40.5,13.5,35.5,62.0,19.5,40.0,46.0,31.77119,-1716382.0299089942,816837.4692036709,5,baresoil
116,1931.0,1242.0,1736.0,3824.0,3304.0,1304.523,0.0022069812,0.05921812,0.32893136,-0.3111111,0.29403538,-0.07295176,24.0,30.0,61.0,31.5,41.0,40.5,13.5,35.5,62.0,19.5,40.0,46.0,31.77119,-1716379.250410111,816841.6454678195,5,baresoil
117,1592.0,962.0,1299.0,4038.0,2777.0,1004.72144,0.0023732483,0.04451683,0.43445826,-0.36261046,0.3734351,-0.18503302,15.0,44.0,36.0,32.5,52.0,33.0,16.5,45.5,37.0,32.0,53.0,27.0,26.833607,-1716381.1034093646,816918.674404019,5,baresoil
118,592.0,548.0,911.0,4807.0,2466.0,1039.176,0.0011245608,0.047224306,0.78070015,-0.46046785,0.7395256,-0.32187542,12.0,67.0,21.0,25.0,59.0,21.0,14.5,61.0,21.5,17.0,67.0,21.0,21.232635,-1716378.588624656,816921.9226148456,5,baresoil
119,592.0,548.0,911.0,4807.0,2466.0,1039.176,0.0011245608,0.047224306,0.78070015,-0.46046785,0.7395256,-0.32187542,12.0,67.0,21.0,25.0,59.0,21.0,14.5,61.0,21.5,17.0,67.0,21.0,21.232635,-1716384.0814438837,816921.7900348074,5,baresoil
120,1359.0,1268.0,1340.0,1603.0,1966.0,822.37836,0.002570331,0.06027917,0.082376756,-0.18935269,0.059529606,0.10170917,37.0,14.0,49.0,43.5,31.0,41.0,37.5,19.0,56.0,45.0,39.5,43.5,60.775345,-1716283.82094836,816649.0736595157,5,baresoil
121,1528.0,1427.0,1528.0,1872.0,2157.0,730.9045,0.002131343,0.061681643,0.101176485,-0.17069201,0.08319227,0.070737176,44.0,10.0,42.0,50.0,23.0,31.0,41.0,21.0,45.0,50.0,26.0,42.0,47.22607,-1716306.056939448,816632.8989880206,5,baresoil
122,1526.0,1358.0,1524.0,1827.0,2108.0,1050.0469,0.0027441978,0.07945704,0.08977032,-0.16079296,0.069688804,0.071410455,44.0,10.0,42.0,38.5,32.5,48.0,42.5,21.5,57.5,41.5,35.5,45.0,50.01338,-1716314.1307219258,816652.2555627364,5,baresoil
123,1600.0,1375.0,1568.0,1870.0,2150.0,898.45825,0.0020350218,0.07087277,0.077809826,-0.15653577,0.060497448,0.06965173,37.0,14.0,49.0,43.5,31.0,41.0,37.5,19.0,56.0,45.0,39.5,43.5,61.77407,-1716296.2625147998,816675.1917879232,5,baresoil
124,2708.0,2177.0,2560.0,2743.0,2766.0,1727.7715,0.0015412867,0.08726986,0.006420867,-0.03867816,0.006909651,0.004174976,42.0,13.0,47.0,38.5,32.5,48.0,42.5,21.5,57.5,41.5,35.5,45.0,50.002647,-1716320.8809335048,816691.764211677,5,baresoil
125,364.0,427.0,697.0,3882.0,1456.0,1011.18866,0.00066643953,0.0639608,0.82854456,-0.35253134,0.6837175,-0.45447734,18.0,95.0,6.0,26.0,70.0,32.0,30.0,52.5,32.0,28.0,85.0,55.0,61.890614,-1720802.0949231673,818651.0621466325,1,forest
126,262.0,310.0,498.0,3793.0,1465.0,613.3009,0.0007430315,0.040518723,0.87077683,-0.49261338,0.6769556,-0.44275388,11.0,96.0,30.0,25.0,71.5,30.0,33.0,54.5,30.0,32.0,86.0,31.0,38.994095,-1720571.2641585374,818701.9747148715,1,forest
127,330.0,384.0,628.0,4231.0,1544.0,577.2692,0.00070023537,0.034563754,0.85529494,-0.42173114,0.73156554,-0.4652814,14.0,88.0,39.0,26.0,68.0,60.0,14.0,68.5,46.5,17.0,79.0,46.0,80.9389,-1720959.8645742203,818763.4941392256,1,forest
128,430.0,517.0,733.0,4407.0,1724.0,542.62714,0.00065910816,0.033602353,0.8222038,-0.40333742,0.7584194,-0.43761215,17.0,91.0,11.0,23.5,67.0,30.5,30.0,60.0,16.0,40.0,79.0,14.0,98.50775,-1720366.9048118745,819808.2755544777,1,forest
129,290.0,344.0,598.0,4169.0,1567.0,906.90533,0.00039172173,0.056093708,0.8699259,-0.44757506,0.7275489,-0.45362628,3.0,95.0,8.0,16.5,73.0,28.0,22.0,65.5,33.0,25.0,82.0,22.0,70.13417,-1720028.0706619623,820487.1303375745,1,forest
130,265.0,306.0,537.0,4141.0,1597.0,872.79926,0.0005913973,0.05170167,0.87970954,-0.49671978,0.7211968,-0.44336006,12.0,95.0,35.0,23.0,68.0,9.0,26.0,64.5,19.0,15.0,94.0,15.5,38.755024,-1719113.2184572008,820258.0157877008,1,forest
131,280.0,334.0,570.0,4540.0,1571.0,736.1627,0.0003541708,0.042408723,0.88381743,-0.46753857,0.7765221,-0.48584515,8.0,86.0,9.0,10.5,71.0,13.0,22.0,57.0,26.0,6.0,90.0,31.5,149.80775,-1720985.2771354604,821064.1643645875,1,forest
132,435.0,471.0,686.0,4307.0,1754.0,813.9163,0.0011487007,0.044442523,0.8165331,-0.43770492,0.72322464,-0.4212176,7.0,87.0,8.0,13.0,67.0,15.0,8.0,54.5,44.0,54.0,65.0,48.0,84.03625,-1722857.33581372,821072.6502102856,1,forest
133,263.0,308.0,576.0,4531.0,1656.0,598.01996,0.00056165457,0.033904236,0.8902795,-0.48387098,0.7732444,-0.46468398,7.0,92.0,14.0,14.0,66.0,11.0,30.0,56.5,15.0,28.0,66.0,37.0,90.79873,-1722086.4881226702,821547.8599381789,1,forest
134,326.0,375.0,602.0,3931.0,1565.0,888.9464,0.000448972,0.051882192,0.84684044,-0.4443932,0.68931884,-0.4304949,5.0,95.0,58.0,22.0,67.0,20.0,23.5,62.0,34.0,11.0,84.0,40.0,61.554585,-1719367.3440696343,821649.6911998641,1,forest
135,306.0,370.0,635.0,4667.0,1717.0,531.5889,0.00023829937,0.02990291,0.8769354,-0.460034,0.7941797,-0.46209273,5.0,94.0,64.0,10.0,76.0,16.0,20.5,68.0,64.0,27.5,83.0,17.0,71.06074,-1716970.0924590142,820868.990323065,1,forest
136,300.0,348.0,567.0,4369.0,1606.0,540.04626,0.00038719177,0.036248412,0.8714928,-0.47814086,0.7502397,-0.46242678,4.0,96.0,3.0,6.0,83.0,13.0,19.0,72.5,24.0,28.0,83.0,24.0,62.608162,-1716521.137210383,821641.2052532233,1,forest
137,376.0,444.0,675.0,4211.0,1693.0,622.6669,0.0007557869,0.038515277,0.8360584,-0.42989862,0.7298089,-0.42649052,8.0,98.0,13.0,9.0,87.0,12.0,22.0,72.5,62.0,8.0,84.0,25.0,104.201706,-1716987.0341665107,822303.1135518476,1,forest
138,286.0,343.0,595.0,4482.0,1613.0,943.22705,0.00062429905,0.050902046,0.88003355,-0.46105072,0.76987994,-0.47071368,13.0,73.0,28.0,20.5,55.0,47.0,26.0,71.0,28.0,22.0,83.0,14.5,142.07094,-1720172.075175674,822693.4739661347,1,forest
139,410.0,456.0,687.0,4627.0,1722.0,756.0173,0.0013394952,0.03905855,0.83720464,-0.42963883,0.77138364,-0.4575524,3.0,91.0,10.0,10.0,73.0,59.0,31.5,53.5,51.0,12.0,85.0,44.0,155.47203,-1722137.313245159,819019.1187872746,1,forest
140,456.0,521.0,826.0,4496.0,1762.0,1633.123,0.004202068,0.08235215,0.815832,-0.36166927,0.75800216,-0.4368808,6.0,93.0,15.0,14.0,57.0,46.5,29.0,57.0,47.5,33.0,64.0,33.5,51.250473,-1724905.1647072444,813864.4574978638,1,forest
141,443.0,481.0,705.0,4842.0,1812.0,860.33887,0.0011462569,0.04828081,0.83235574,-0.43980932,0.7916142,-0.45536518,5.0,88.0,8.0,19.0,66.0,53.0,42.5,53.0,27.5,13.0,53.0,49.0,84.78101,-1725652.7175504852,813807.186538774,1,forest
142,329.0,381.0,623.0,4206.0,1784.0,1409.6665,0.00088497996,0.07113534,0.85490626,-0.48234317,0.7275286,-0.4043406,9.0,90.0,57.0,25.0,65.5,63.0,25.0,59.5,37.0,32.0,49.0,29.0,13.408826,-1725913.1963032314,814827.4681088241,1,forest
143,373.0,401.0,643.0,3768.0,1611.0,671.42267,0.0013974309,0.044476815,0.8198503,-0.42945874,0.65295994,-0.40100393,12.0,75.0,14.0,14.0,66.0,16.5,27.0,56.0,20.5,14.0,55.0,20.0,9.535872,-1727709.0172977562,813981.1207699481,1,forest
144,308.0,378.0,664.0,5294.0,2295.0,728.86957,0.00033062696,0.032220244,0.8900393,-0.5511998,0.8712518,-0.39517725,7.0,90.0,71.0,9.0,81.0,72.0,12.0,65.5,28.0,13.0,77.0,12.0,39.047752,-1731196.8913284054,815028.9815387666,1,forest
145,252.0,280.0,546.0,5129.0,1814.0,607.76495,0.00035905838,0.029538982,0.9063371,-0.5372881,0.83849114,-0.4774593,5.0,94.0,2.0,8.0,80.0,22.0,13.0,81.5,24.0,33.0,56.0,38.0,41.25631,-1730644.1681213651,815754.4367665466,1,forest
146,389.0,449.0,684.0,4042.0,1678.0,959.282,0.0015794039,0.058540512,0.8244189,-0.42082977,0.702041,-0.41328672,6.0,96.0,8.0,23.0,69.0,11.0,22.0,57.0,49.5,13.0,79.0,67.0,134.24168,-1713363.6264759079,841733.7561765832,1,forest
147,331.0,399.0,666.0,5043.0,1860.0,724.58636,0.00081670284,0.037113607,0.87681425,-0.47268406,0.8392405,-0.4611039,8.0,91.0,7.0,12.0,74.0,13.0,23.0,61.0,18.0,12.0,71.0,45.0,84.26736,-1711123.0856596224,843227.9326751995,1,forest
148,347.0,410.0,602.0,4265.0,1682.0,744.21533,0.0006663799,0.04571808,0.84952295,-0.47285467,0.7380199,-0.43433666,4.0,93.0,49.0,10.0,66.0,49.0,26.5,55.5,19.5,25.0,49.0,64.0,106.73453,-1714778.2590517867,841279.5698280118,1,forest
149,357.0,431.0,678.0,4549.0,1735.0,737.0195,0.00054734945,0.04051209,0.85446393,-0.43804392,0.77869004,-0.44780397,15.0,72.0,28.0,27.5,90.0,19.5,35.5,41.5,59.0,25.5,67.0,22.0,34.288567,-1715574.519304077,842862.8738326001,1,forest
150,365.0,410.0,679.0,4574.0,1778.0,1007.8144,0.0005758405,0.051167846,0.85219675,-0.44729343,0.7686828,-0.4401763,8.0,89.0,3.0,11.0,73.0,43.0,21.0,61.0,26.0,22.0,53.0,49.0,74.6453,-1716531.7257775778,841805.9170255049,1,forest
151,293.0,345.0,557.0,4250.0,1413.0,499.4653,0.0004015565,0.028150765,0.8710103,-0.4345177,0.73711854,-0.5009712,4.0,92.0,66.0,7.0,73.0,68.0,32.0,49.5,50.0,39.0,54.0,56.0,110.46594,-1715688.875829675,840417.9011502216,1,forest
152,413.0,462.0,720.0,4587.0,1830.0,860.30865,0.00062930584,0.046958353,0.8348,-0.43529412,0.7672794,-0.42964,4.0,88.0,7.0,13.0,69.0,32.0,35.0,52.0,34.0,65.0,49.5,66.0,81.41593,-1716586.7863269374,840672.5799169919,1,forest
153,313.0,362.0,603.0,4413.0,1713.0,495.60425,0.0006132126,0.025046047,0.86754125,-0.4792746,0.7550088,-0.4407444,4.0,90.0,12.0,5.0,82.0,12.0,32.5,54.0,50.5,23.0,57.0,44.5,74.979774,-1714401.3060600113,841848.3646350695,1,forest
154,279.0,293.0,534.0,3950.0,1502.0,484.7731,0.00041097403,0.030328223,0.86805385,-0.47544205,0.68353635,-0.44900957,10.0,90.0,58.0,10.0,75.0,38.5,14.0,66.5,10.0,19.5,70.0,58.0,76.66646,-1714007.4113607397,840222.6483553047,1,forest
155,399.0,454.0,659.0,4369.0,1721.0,753.19867,0.00078576803,0.05060531,0.8326342,-0.4462185,0.74300045,-0.4348112,5.0,94.0,57.0,12.5,74.0,34.0,35.0,56.5,35.5,34.5,70.0,38.5,90.17966,-1714096.3553250919,839938.259852685,1,forest
156,323.0,367.0,607.0,4076.0,1588.0,617.1295,0.00057047606,0.0378626,0.85314846,-0.44692484,0.7074991,-0.43926552,7.0,92.0,3.0,16.5,74.0,28.5,15.5,54.0,24.5,15.0,73.0,14.0,91.71358,-1715006.972102977,840091.0654033761,1,forest
157,371.0,451.0,781.0,5430.0,1918.0,1325.8417,0.00066423416,0.05790113,0.87209094,-0.42126712,0.8860826,-0.47795317,12.0,87.0,16.0,21.0,72.0,26.5,23.0,63.0,46.0,26.0,89.0,14.0,45.73513,-1716891.7370618568,842977.4850261271,1,forest
158,287.0,341.0,551.0,4257.0,1619.0,1153.0901,0.0010228753,0.07374815,0.8736796,-0.49216586,0.7394852,-0.4489449,5.0,86.0,16.0,19.5,71.0,34.0,34.5,51.5,50.0,70.0,81.5,16.0,23.944174,-1717090.8021249308,842985.9747552179,1,forest
159,373.0,380.0,628.0,4425.0,1787.0,674.01355,0.00068193674,0.03461074,0.8445186,-0.47991723,0.73336715,-0.42466196,6.0,90.0,5.0,14.0,83.0,7.5,34.0,51.0,19.0,32.0,52.0,18.0,46.079044,-1715837.115770257,842281.3324268712,1,forest
160,379.0,421.0,724.0,4815.0,1734.0,823.9824,0.00074240565,0.047655858,0.8540624,-0.41090316,0.79603773,-0.47045347,8.0,90.0,3.0,13.0,75.0,36.0,24.0,69.5,6.5,5.5,86.0,59.0,158.45218,-1714405.5414868847,840460.3475163579,1,forest
161,300.0,351.0,575.0,4460.0,1590.0,682.5278,0.00041145086,0.034710564,0.8739496,-0.46882212,0.76316273,-0.47438017,4.0,92.0,4.0,10.5,79.5,10.5,38.0,59.5,22.0,12.0,88.0,39.5,49.92241,-1712520.7765280078,839938.259852685,1,forest
162,315.0,381.0,624.0,4083.0,1586.0,687.06976,0.0008533001,0.038652897,0.85675305,-0.43529412,0.7182342,-0.4404657,8.0,89.0,4.0,13.5,72.0,56.5,34.0,64.5,10.0,17.0,76.0,23.0,97.62459,-1712317.4760380606,840566.4635979278,1,forest
163,310.0,360.0,642.0,4329.0,1630.0,479.31442,0.00028526783,0.029349832,0.86635053,-0.43485916,0.74486613,-0.4529284,6.0,96.0,11.0,18.0,77.0,10.0,16.0,74.5,25.0,27.5,86.0,11.0,60.66245,-1711377.211272056,840473.0814336074,1,forest
164,317.0,379.0,641.0,4719.0,1678.0,716.34875,0.0004220605,0.037842073,0.87410635,-0.4471755,0.7987081,-0.47537905,6.0,89.0,5.0,6.0,85.0,11.0,15.0,65.5,28.0,20.0,69.0,38.5,89.68059,-1711605.9243232463,841313.5275352118,1,forest
165,293.0,371.0,534.0,4086.0,1600.0,860.24255,0.00062417984,0.04491613,0.86617947,-0.49953142,0.7259886,-0.43721423,6.0,90.0,4.0,7.5,82.0,14.0,25.0,60.0,31.5,21.0,69.0,69.0,93.83436,-1711372.9758451825,842710.0593400054,1,forest
166,276.0,311.0,525.0,3897.0,1525.0,776.6351,0.0008228421,0.046251863,0.8677211,-0.48780492,0.6847321,-0.43747696,6.0,93.0,10.0,8.0,75.0,28.5,26.0,63.5,17.5,25.5,66.0,18.5,81.977,-1712660.5456148433,843130.3003830113,1,forest
167,401.0,477.0,769.0,4941.0,1899.0,808.16595,0.0011515021,0.04035972,0.84986895,-0.42353824,0.8242855,-0.4447368,8.0,90.0,9.0,6.0,75.0,29.0,32.5,59.5,51.0,20.0,67.0,25.5,30.082214,-1712681.722749213,844008.9982747063,1,forest
168,248.0,308.0,513.0,4240.0,1623.0,607.7048,0.0004864931,0.03917642,0.88948303,-0.5196629,0.743777,-0.44635847,6.0,97.0,11.0,5.0,74.0,20.0,23.0,56.5,19.0,41.0,74.0,13.0,23.612663,-1713541.514404615,843898.6295260682,1,forest
169,345.0,380.0,639.0,4461.0,1697.0,815.17737,0.00058710575,0.04713716,0.85642946,-0.45291096,0.752138,-0.44884703,6.0,93.0,58.0,9.5,80.0,10.5,32.5,55.5,43.5,27.0,64.0,57.0,78.73839,-1714003.1759338663,841555.4769036465,1,forest
170,611.0,670.0,906.0,4502.0,1767.0,1213.6766,0.0026023686,0.08140896,0.7610014,-0.32210997,0.74012774,-0.43627375,6.0,93.0,49.0,6.5,66.0,49.0,22.5,66.5,19.0,47.0,74.0,59.0,98.68174,-1714583.429415589,840990.9302994587,1,forest
171,262.0,292.0,556.0,4546.0,1692.0,487.328,0.00031232834,0.0288548,0.891015,-0.5053381,0.76895463,-0.4575184,7.0,92.0,52.0,20.0,81.5,7.0,35.5,53.5,43.5,16.0,62.0,59.0,87.15757,-1714604.606549956,842001.1763446408,1,forest
172,862.0,596.0,942.0,3148.0,2641.0,739.5112,0.0007813573,0.043279037,0.5700748,-0.47418365,0.4126354,-0.08757991,2.0,56.0,41.0,8.0,51.0,41.0,8.0,49.0,44.0,28.0,46.0,44.0,103.51087,-1716290.3064457616,842069.6234161869,5,baresoil
173,789.0,652.0,996.0,3520.0,2571.0,845.26294,0.0011743307,0.05449794,0.6337897,-0.44154748,0.51088744,-0.15580367,6.0,66.0,25.0,7.5,65.0,28.0,16.0,53.5,25.0,18.5,54.0,37.0,95.91261,-1716540.7260596794,841988.972613599,5,baresoil
174,614.0,493.0,809.0,3293.0,2336.0,1043.2651,0.00073230267,0.07015124,0.68569237,-0.4855326,0.5043488,-0.1700124,3.0,76.0,14.0,4.0,66.0,35.5,17.0,57.5,25.5,37.0,54.0,25.5,72.53392,-1716640.7880195756,841969.8711278501,5,baresoil
175,1110.0,568.0,850.0,2302.0,2520.0,641.9698,0.0012851954,0.051785532,0.3493552,-0.49554893,0.20269349,0.045209482,4.0,35.0,62.0,8.0,41.0,58.0,9.0,39.0,60.0,33.0,35.0,55.5,81.18535,-1716707.4959928398,842137.0093895198,5,baresoil
176,1282.0,616.0,840.0,2332.0,2646.0,607.2507,0.0011664629,0.04650091,0.29053682,-0.51807237,0.1704103,0.06307756,13.0,23.0,60.0,15.0,30.0,61.0,22.0,37.0,53.5,36.0,40.0,44.5,109.54508,-1716242.1284650727,842125.3362219145,5,baresoil
177,546.0,510.0,974.0,4354.0,2292.0,549.6971,0.00067308545,0.027818196,0.7771429,-0.40355173,0.6896052,-0.31026182,23.0,89.0,10.0,23.5,76.0,26.0,46.0,53.0,31.5,29.0,63.0,56.0,69.00527,-1715407.4846567363,841475.0922724308,3,grassland
178,570.0,601.0,947.0,5287.0,2195.0,1220.1794,0.00111866,0.055660203,0.8053611,-0.39719924,0.830487,-0.41325846,2.0,89.0,7.0,12.0,77.0,10.0,22.0,58.0,13.0,42.0,47.0,60.5,143.36952,-1715804.2912119827,841705.8999959426,3,grassland
179,709.0,643.0,1133.0,3953.0,2387.0,1307.8936,0.0020171404,0.06581545,0.69583875,-0.35625002,0.6059247,-0.24700315,3.0,87.0,12.0,5.0,75.0,30.0,17.5,59.0,18.0,3.0,49.0,60.5,131.28658,-1715874.7051837626,841511.70307765,3,grassland
180,729.0,669.0,1124.0,4704.0,2235.0,554.6354,0.0007699728,0.030823717,0.7316399,-0.33075318,0.7067672,-0.35581496,7.0,90.0,9.0,11.0,76.0,19.0,16.0,55.5,17.5,38.0,51.0,64.0,99.57174,-1716071.6525333968,841691.8392633663,3,grassland
181,477.0,517.0,968.0,5022.0,2136.0,727.93774,0.00044995546,0.036457542,0.82651395,-0.37628862,0.8112305,-0.40318528,7.0,92.0,55.0,7.0,76.0,25.0,33.5,56.5,36.0,16.5,51.0,58.5,108.97102,-1715631.9622810506,841701.1246523354,3,grassland
182,400.0,430.0,706.0,4541.0,1805.0,660.4096,0.0006683469,0.03777556,0.83808947,-0.43767422,0.75477546,-0.4311377,23.0,92.0,4.0,22.0,77.0,16.5,40.0,58.0,29.5,23.0,72.0,30.0,87.66056,-1715534.812177132,841556.2727917662,3,grassland
183,428.0,434.0,758.0,4353.0,1713.0,735.76825,0.00070786476,0.03814909,0.8209579,-0.3864832,0.71802276,-0.43521267,13.0,90.0,4.0,18.0,78.0,6.0,39.0,54.0,17.0,29.0,65.0,39.0,83.21337,-1715491.3990516742,841569.5375957335,3,grassland
184,707.0,585.0,964.0,3838.0,2534.0,754.4379,0.0011399388,0.04010254,0.6888889,-0.44882792,0.5716634,-0.20464532,9.0,79.0,18.0,17.5,74.0,16.0,24.0,52.5,24.0,36.0,67.5,44.0,89.600174,-1715490.0754807785,841494.1935585793,3,grassland
185,444.0,464.0,910.0,4986.0,1935.0,931.45764,0.0007817745,0.045083426,0.8364641,-0.3602812,0.8013408,-0.4408323,6.0,93.0,6.0,8.5,84.0,26.0,31.0,58.5,10.5,24.0,73.0,54.0,105.95557,-1715649.698131085,841479.3370020204,3,grassland
186,618.0,604.0,1023.0,4864.0,2394.0,1319.9987,0.0018333197,0.060867693,0.7745348,-0.4012291,0.75594646,-0.34031412,1.0,86.0,11.0,14.0,73.0,30.0,29.0,57.0,16.0,19.5,51.0,43.5,136.41702,-1715850.8809075956,841579.353553061,3,grassland
187,573.0,627.0,926.0,4858.0,2097.0,1160.6804,0.0015982687,0.05937972,0.7889891,-0.38736355,0.7880605,-0.39698055,6.0,89.0,9.0,23.0,75.0,26.0,38.0,55.5,16.0,15.0,56.5,61.5,138.45624,-1715856.4399053676,841623.6580344236,3,grassland
188,569.0,564.0,1114.0,5343.0,2139.0,715.48016,0.0006477833,0.03412064,0.80751014,-0.31509376,0.8215736,-0.42822775,5.0,92.0,62.0,15.0,79.0,23.5,36.0,57.0,29.0,7.0,49.0,60.0,124.025604,-1715720.9062454028,841633.4740029693,3,grassland
189,542.0,531.0,916.0,4223.0,2153.0,500.55768,0.00044471025,0.026471067,0.7725079,-0.40306288,0.6820456,-0.32465497,16.0,88.0,10.0,13.5,77.0,15.5,24.0,48.5,13.0,32.5,61.0,34.0,100.36727,-1715491.6637658516,840904.7101930777,3,grassland
190,517.0,520.0,1000.0,4298.0,2343.0,643.3065,0.0005592108,0.032140154,0.7852544,-0.40173495,0.7001852,-0.29438338,20.0,94.0,5.0,15.0,78.0,13.5,46.0,68.0,10.0,35.5,60.0,52.0,90.487854,-1715472.869059099,840966.7886538606,3,grassland
191,523.0,504.0,1016.0,4479.0,2394.0,1124.9966,0.0005286932,0.05191706,0.79088366,-0.4041056,0.7147503,-0.303361,20.0,93.0,17.0,11.0,74.0,15.0,40.0,69.0,13.0,32.0,65.0,37.0,91.463875,-1715508.0760449874,840995.970864377,3,grassland
192,413.0,446.0,863.0,4600.0,2043.0,1038.1494,0.00076016784,0.050545365,0.83522844,-0.40605643,0.76221514,-0.38491642,30.0,98.0,60.0,22.0,82.0,51.0,32.5,59.5,49.0,37.5,70.0,53.0,84.285866,-1715390.2782350597,840952.9934333262,3,grassland
193,303.0,333.0,614.0,4128.0,1569.0,438.04575,0.00036144257,0.028892962,0.8632363,-0.4374714,0.71104586,-0.44918382,9.0,89.0,10.0,29.0,79.0,53.0,12.0,57.5,28.5,41.0,60.0,61.0,76.43847,-1715310.5992669924,841011.357855339,3,grassland
194,398.0,393.0,796.0,4031.0,1931.0,781.5957,0.00079733133,0.046475317,0.8202755,-0.4162083,0.67420113,-0.35223082,5.0,88.0,15.0,8.5,80.0,45.5,39.0,65.0,36.0,14.0,72.0,29.0,75.71118,-1715257.1270027119,841024.62250673,3,grassland
195,479.0,473.0,975.0,4277.0,2061.0,915.59534,0.0007535815,0.047622677,0.7985703,-0.3577075,0.6979822,-0.34963712,17.0,93.0,27.0,10.0,77.0,61.5,34.0,66.0,9.5,17.0,67.0,32.0,73.33234,-1715249.7150056807,841023.0307483672,3,grassland
196,362.0,395.0,743.0,4466.0,1836.0,855.88367,0.000667274,0.046852775,0.85004133,-0.42380765,0.7502467,-0.41732788,8.0,90.0,8.0,17.0,72.0,11.0,23.5,67.0,27.5,23.0,51.0,32.0,59.84855,-1715186.4483167517,841023.8266275421,3,grassland
197,370.0,393.0,755.0,4501.0,2051.0,733.82263,0.00059211254,0.037711747,0.84808046,-0.46186742,0.7498094,-0.37393162,27.0,96.0,9.0,19.5,77.0,61.5,31.0,67.5,27.0,29.0,53.0,54.0,67.10912,-1715190.4190294477,841036.8259892889,3,grassland
198,460.0,497.0,941.0,4661.0,1994.0,737.5198,0.0005966425,0.040804222,0.8203476,-0.3587734,0.7669698,-0.40075138,12.0,98.0,28.0,12.0,79.0,59.5,29.0,67.0,37.0,16.0,67.0,55.0,71.11567,-1715229.332013849,841040.5400933006,3,grassland
199,533.0,491.0,934.0,4259.0,2101.0,817.97614,0.0007045269,0.048169516,0.7775459,-0.38451397,0.6762496,-0.33930817,4.0,91.0,7.0,17.0,72.0,12.0,30.5,66.5,11.0,39.0,51.0,52.5,66.37217,-1715197.0368839353,840993.3179354054,3,grassland
200,533.0,491.0,934.0,4259.0,2101.0,817.97614,0.0007045269,0.048169516,0.7775459,-0.38451397,0.6762496,-0.33930817,4.0,91.0,7.0,17.0,72.0,12.0,30.5,66.5,11.0,39.0,51.0,52.5,66.37217,-1715207.096022761,840990.1344208361,3,grassland
201,362.0,395.0,743.0,4466.0,1836.0,855.88367,0.000667274,0.046852775,0.85004133,-0.42380765,0.7502467,-0.41732788,8.0,90.0,8.0,17.0,72.0,11.0,23.5,67.0,27.5,23.0,51.0,32.0,59.84855,-1715186.1836025743,841010.0313904043,3,grassland
202,531.0,486.0,918.0,4800.0,2278.0,685.54895,0.00042384863,0.036773507,0.8007878,-0.42553195,0.74419504,-0.35631537,2.0,94.0,11.0,15.0,74.0,22.0,45.0,50.0,51.0,31.0,81.0,16.0,64.7493,-1715195.448598862,840846.3459023976,3,grassland
203,531.0,486.0,918.0,4800.0,2278.0,685.54895,0.00042384863,0.036773507,0.8007878,-0.42553195,0.74419504,-0.35631537,2.0,94.0,11.0,15.0,74.0,22.0,45.0,50.0,51.0,31.0,81.0,16.0,64.7493,-1715206.8313085835,840836.7953889471,3,grassland
204,531.0,486.0,918.0,4800.0,2278.0,685.54895,0.00042384863,0.036773507,0.8007878,-0.42553195,0.74419504,-0.35631537,2.0,94.0,11.0,15.0,74.0,22.0,45.0,50.0,51.0,31.0,81.0,16.0,64.7493,-1715218.2140183079,840849.2641152248,3,grassland
205,539.0,505.0,958.0,4408.0,2337.0,740.5224,0.00048163533,0.042634152,0.7820901,-0.4185129,0.69814867,-0.30704227,7.0,93.0,13.0,13.0,80.0,31.5,36.5,56.0,37.0,41.0,80.0,31.0,68.541176,-1715238.3322959591,840859.3452154651,3,grassland
206,542.0,511.0,959.0,4223.0,2408.0,571.0759,0.0004401803,0.035992507,0.7725079,-0.43035343,0.6745465,-0.2737144,29.0,94.0,3.0,15.0,79.0,68.0,27.0,61.0,12.0,29.0,67.0,51.0,76.52878,-1715323.5702617955,840901.2613920851,3,grassland
207,542.0,511.0,959.0,4223.0,2408.0,571.0759,0.0004401803,0.035992507,0.7725079,-0.43035343,0.6745465,-0.2737144,29.0,94.0,3.0,15.0,79.0,68.0,27.0,61.0,12.0,29.0,67.0,51.0,76.52878,-1715332.3058297227,840899.4043455009,3,grassland
208,618.0,599.0,1106.0,4338.0,2305.0,921.61334,0.0013225675,0.049034383,0.75060534,-0.3515098,0.6861696,-0.30603644,29.0,94.0,17.0,13.0,76.0,33.0,25.0,61.5,15.0,32.0,80.0,37.5,80.98365,-1715357.4536767853,840871.8139476746,3,grassland
209,618.0,599.0,1106.0,4338.0,2305.0,921.61334,0.0013225675,0.049034383,0.75060534,-0.3515098,0.6861696,-0.30603644,29.0,94.0,17.0,13.0,76.0,33.0,25.0,61.5,15.0,32.0,80.0,37.5,80.98365,-1715350.5711081177,840865.712227247,3,grassland
210,618.0,599.0,1106.0,4338.0,2305.0,921.61334,0.0013225675,0.049034383,0.75060534,-0.3515098,0.6861696,-0.30603644,29.0,94.0,17.0,13.0,76.0,33.0,25.0,61.5,15.0,32.0,80.0,37.5,80.98365,-1715347.659252143,840878.1809611319,3,grassland
211,498.0,524.0,835.0,4261.0,1928.0,1098.5854,0.0020990372,0.05821022,0.7907123,-0.3955845,0.7063218,-0.3769591,7.0,92.0,11.0,10.0,76.0,50.0,25.5,60.5,19.0,36.0,67.0,44.5,77.49152,-1715323.834975976,840886.9356060327,3,grassland
212,542.0,511.0,959.0,4223.0,2408.0,571.0759,0.0004401803,0.035992507,0.7725079,-0.43035343,0.6745465,-0.2737144,29.0,94.0,3.0,15.0,79.0,68.0,27.0,61.0,12.0,29.0,67.0,51.0,76.52878,-1715334.952971517,840892.5067445384,3,grassland
213,413.0,446.0,863.0,4600.0,2043.0,1038.1494,0.00076016784,0.050545365,0.83522844,-0.40605643,0.76221514,-0.38491642,30.0,98.0,60.0,22.0,82.0,51.0,32.5,59.5,49.0,37.5,70.0,53.0,84.285866,-1715383.395666389,840971.8292162116,3,grassland
214,413.0,446.0,863.0,4600.0,2043.0,1038.1494,0.00076016784,0.050545365,0.83522844,-0.40605643,0.76221514,-0.38491642,30.0,98.0,60.0,22.0,82.0,51.0,32.5,59.5,49.0,37.5,70.0,53.0,84.285866,-1715399.5432313445,840957.7687015184,3,grassland
215,478.0,484.0,986.0,4618.0,2237.0,1115.8676,0.00054371357,0.047169276,0.8124019,-0.38814768,0.7469688,-0.3473377,8.0,97.0,53.0,8.0,81.0,47.0,9.0,68.5,26.5,38.0,64.5,57.0,88.04916,-1715462.2804919155,840982.7062210053,3,grassland
216,478.0,484.0,986.0,4618.0,2237.0,1115.8676,0.00054371357,0.047169276,0.8124019,-0.38814768,0.7469688,-0.3473377,8.0,97.0,53.0,8.0,81.0,47.0,9.0,68.5,26.5,38.0,64.5,57.0,88.04916,-1715481.869341209,840994.6443998725,3,grassland
217,523.0,504.0,1016.0,4479.0,2394.0,1124.9966,0.0005286932,0.05191706,0.79088366,-0.4041056,0.7147503,-0.303361,20.0,93.0,17.0,11.0,74.0,15.0,40.0,69.0,13.0,32.0,65.0,37.0,91.463875,-1715518.6646121738,841009.7660974218,3,grassland
218,547.0,522.0,995.0,4228.0,2388.0,636.90875,0.0005950928,0.032201305,0.7708901,-0.41176474,0.67690337,-0.27811366,25.0,82.0,6.0,22.0,72.0,12.5,20.5,67.0,18.0,28.0,72.0,52.0,92.71087,-1715534.812177132,841023.8266275421,3,grassland
219,523.0,504.0,1016.0,4479.0,2394.0,1124.9966,0.0005286932,0.05191706,0.79088366,-0.4041056,0.7147503,-0.303361,20.0,93.0,17.0,11.0,74.0,15.0,40.0,69.0,13.0,32.0,65.0,37.0,91.463875,-1715495.899192725,841007.113167678,3,grassland
220,478.0,484.0,986.0,4618.0,2237.0,1115.8676,0.00054371357,0.047169276,0.8124019,-0.38814768,0.7469688,-0.3473377,8.0,97.0,53.0,8.0,81.0,47.0,9.0,68.5,26.5,38.0,64.5,57.0,88.04916,-1715488.751909877,840994.6443998725,3,grassland
221,571.0,534.0,875.0,3960.0,2285.0,568.1958,0.00047633052,0.03483715,0.74795854,-0.44620258,0.6331739,-0.26821458,9.0,88.0,10.0,12.0,74.0,22.0,28.0,58.0,14.5,28.5,64.0,35.0,100.36727,-1715499.0757628828,840920.627739373,3,grassland
222,551.0,518.0,905.0,3749.0,2355.0,711.6766,0.0006175041,0.04032022,0.74372095,-0.4447853,0.6070615,-0.22837487,12.0,90.0,9.0,16.0,77.0,15.5,13.0,64.5,11.0,25.0,58.0,43.0,94.724686,-1715516.8116129173,840959.3604576895,3,grassland
223,540.0,511.0,887.0,4219.0,1957.0,583.35474,0.00067436695,0.035368007,0.77306163,-0.37623072,0.6749716,-0.36625648,17.0,79.0,10.0,21.0,72.0,11.0,10.0,63.5,14.5,41.0,62.0,39.0,102.84981,-1715570.283877198,841005.7867028621,3,grassland
224,480.0,448.0,855.0,3951.0,2256.0,408.0941,0.0002565384,0.020583121,0.78334457,-0.4503375,0.6441615,-0.27307877,25.0,82.0,9.0,13.0,77.0,13.0,11.0,51.5,33.5,28.0,64.0,49.5,112.86962,-1715682.7874035367,840945.0346540754,3,grassland
225,454.0,467.0,871.0,4186.0,1883.0,1037.8699,0.00064852834,0.05822075,0.8043104,-0.36746553,0.69587916,-0.37946945,6.0,84.0,11.0,12.0,78.0,16.0,12.0,57.5,24.0,14.0,66.0,49.5,116.45566,-1715703.1703953655,840943.9734836096,3,grassland
226,550.0,488.0,932.0,3770.0,2400.0,427.29926,0.00040858984,0.022696057,0.7453703,-0.44057626,0.6002982,-0.22204216,15.0,81.0,8.0,14.0,78.0,11.0,26.0,60.0,13.5,27.0,65.0,48.0,118.33924,-1715675.6401206886,840970.2374596216,3,grassland
227,560.0,474.0,862.0,3578.0,2418.0,626.33435,0.00041270256,0.035376508,0.7293379,-0.4743902,0.56377494,-0.19346233,19.0,74.0,13.0,23.0,74.0,17.5,12.0,66.0,15.0,12.5,67.0,49.0,121.31137,-1715681.4638326408,840991.460885214,3,grassland
228,546.0,463.0,833.0,3498.0,2414.0,599.99695,0.00041228533,0.032751303,0.72997034,-0.48691103,0.55482465,-0.18335587,18.0,67.0,12.0,25.5,66.0,12.0,9.0,66.5,14.0,15.5,64.0,50.0,126.78025,-1715712.7001058334,841004.4602380833,3,grassland
229,514.0,474.0,897.0,4197.0,2257.0,687.52734,0.00053960085,0.034123935,0.7817873,-0.4311985,0.67080724,-0.3005888,14.0,83.0,13.0,25.5,69.0,18.5,9.0,73.5,14.0,24.0,67.0,50.0,125.10645,-1715737.3185245383,840993.5832282961,3,grassland
230,467.0,453.0,914.0,4320.0,1977.0,1062.4504,0.0006529093,0.055494573,0.80488825,-0.36769283,0.701847,-0.37208197,10.0,90.0,12.0,14.0,77.0,8.0,11.0,73.0,17.0,23.0,63.0,52.0,122.67845,-1715752.6719469558,840976.6044863014,3,grassland
231,514.0,474.0,897.0,4197.0,2257.0,687.52734,0.00053960085,0.034123935,0.7817873,-0.4311985,0.67080724,-0.3005888,14.0,83.0,13.0,25.5,69.0,18.5,9.0,73.5,14.0,24.0,67.0,50.0,125.10645,-1715759.5545156265,840997.032036007,3,grassland
232,591.0,538.0,904.0,3820.0,2453.0,541.46967,0.0005605221,0.02605623,0.73203355,-0.46142384,0.6055435,-0.21791805,3.0,81.0,14.0,7.5,63.0,38.0,28.0,68.0,14.5,18.0,66.0,50.0,129.84216,-1715751.348376057,841021.7042831058,3,grassland
233,359.0,379.0,797.0,4651.0,1899.0,448.09067,0.00045478344,0.018967966,0.85668665,-0.4087537,0.768487,-0.4201527,13.0,82.0,9.0,2.0,93.0,12.0,12.0,50.5,34.0,23.0,66.0,51.0,111.472984,-1715700.7879677513,840887.7314829219,3,grassland
234,493.0,443.0,896.0,3986.0,2216.0,686.74963,0.00060865283,0.038990524,0.7798616,-0.42416453,0.64108217,-0.2853918,5.0,93.0,8.0,14.5,79.0,31.5,15.0,49.5,35.0,19.0,59.0,50.0,105.190605,-1715640.9625631578,840908.4242867352,3,grassland
235,568.0,520.0,912.0,4028.0,2289.0,375.04974,0.0004993677,0.019891677,0.75282854,-0.43017802,0.6390366,-0.2752889,23.0,88.0,7.0,15.5,80.0,16.0,10.0,49.5,15.0,32.0,61.0,51.5,105.190605,-1715652.8747012399,840930.178269716,3,grassland
236,454.0,467.0,871.0,4186.0,1883.0,1037.8699,0.00064852834,0.05822075,0.8043104,-0.36746553,0.69587916,-0.37946945,6.0,84.0,11.0,12.0,78.0,16.0,12.0,57.5,24.0,14.0,66.0,49.5,116.45566,-1715700.7879677513,840923.280664275,3,grassland
237,550.0,488.0,932.0,3770.0,2400.0,427.29926,0.00040858984,0.022696057,0.7453703,-0.44057626,0.6002982,-0.22204216,15.0,81.0,8.0,14.0,78.0,11.0,26.0,60.0,13.5,27.0,65.0,48.0,118.33924,-1715689.6699722074,840975.8086079196,3,grassland
238,514.0,474.0,897.0,4197.0,2257.0,687.52734,0.00053960085,0.034123935,0.7817873,-0.4311985,0.67080724,-0.3005888,14.0,83.0,13.0,25.5,69.0,18.5,9.0,73.5,14.0,24.0,67.0,50.0,125.10645,-1715731.7595267636,840982.7062210053,3,grassland
239,545.0,481.0,883.0,3729.0,2321.0,530.4313,0.000459373,0.029876417,0.74496967,-0.44881395,0.5944069,-0.23272729,12.0,79.0,14.0,16.0,76.0,10.5,19.0,64.5,16.0,15.5,67.0,47.0,121.861565,-1715712.1706774756,840962.8092629096,3,grassland
240,375.0,407.0,793.0,4237.0,2141.0,430.82074,0.00036633015,0.022298342,0.83738077,-0.45944107,0.71867204,-0.32862967,5.0,87.0,12.0,6.0,61.0,38.0,27.0,67.0,14.0,15.5,61.0,51.0,127.303474,-1715724.0828155577,841014.8066643435,3,grassland
241,591.0,538.0,904.0,3820.0,2453.0,541.46967,0.0005605221,0.02605623,0.73203355,-0.46142384,0.6055435,-0.21791805,3.0,81.0,14.0,7.5,63.0,38.0,28.0,68.0,14.5,18.0,66.0,50.0,129.84216,-1715759.289801446,841033.9077649132,3,grassland
242,437.0,447.0,902.0,4483.0,1940.0,958.3641,0.0005453229,0.045610797,0.8223577,-0.36523575,0.73550266,-0.3959209,12.0,91.0,8.0,21.5,78.0,11.0,8.5,74.0,18.0,21.0,69.0,50.0,126.39786,-1715768.8195119142,841006.0519958222,3,grassland
243,518.0,479.0,840.0,4078.0,2183.0,673.4248,0.00066387653,0.036084667,0.77458656,-0.44426063,0.6547246,-0.3026673,3.0,91.0,8.0,17.5,71.0,15.0,16.0,76.0,12.0,19.5,92.0,7.0,35.170105,-1720247.5187168708,816705.2873136308,3,grassland
244,662.0,526.0,892.0,3362.0,2684.0,490.35086,0.00033909082,0.02991035,0.6709741,-0.5011186,0.50414515,-0.11214023,3.0,81.0,16.0,10.5,66.0,21.0,12.0,71.5,20.0,4.0,82.0,17.5,36.89544,-1720164.6631786511,816743.7353690789,3,grassland
245,502.0,488.0,994.0,4301.0,2131.0,573.399,0.0003682375,0.032173954,0.79096395,-0.36384,0.69563466,-0.3373756,2.0,99.0,5.0,34.0,59.0,20.0,11.0,79.5,49.0,23.0,95.0,57.5,26.193491,-1720073.6015008625,816671.3469864168,3,grassland
246,662.0,561.0,1039.0,3900.0,2449.0,609.421,0.00034749508,0.03463389,0.70977634,-0.4042431,0.592411,-0.22853991,2.0,80.0,16.0,29.5,53.0,29.0,12.0,65.5,19.5,2.0,84.0,15.5,29.403687,-1719942.8326961314,816662.0664323056,3,grassland
247,476.0,469.0,841.0,3793.0,2256.0,617.9833,0.00058820844,0.03511996,0.77699697,-0.45689374,0.6314968,-0.25409156,1.0,97.0,3.0,29.0,57.0,28.0,19.0,74.0,16.0,2.0,93.0,12.0,34.13154,-1719972.2159700675,816738.6973462951,3,grassland
248,529.0,467.0,929.0,4042.0,2078.0,861.1393,0.00067967176,0.043335,0.76854086,-0.3821084,0.6404273,-0.320915,4.0,88.0,9.0,6.0,72.0,21.0,5.0,83.5,13.0,53.0,87.0,11.0,45.075043,-1720264.5927814557,816785.4979464012,3,grassland
249,761.0,541.0,881.0,3801.0,2414.0,576.2532,0.00063967705,0.033732533,0.66637444,-0.46525037,0.5311157,-0.22316976,3.0,83.0,14.0,8.0,69.0,19.0,6.0,75.5,16.5,52.0,83.5,15.0,42.5528,-1720250.4305728455,816781.387976888,3,grassland
250,529.0,467.0,929.0,4042.0,2078.0,861.1393,0.00067967176,0.043335,0.76854086,-0.3821084,0.6404273,-0.320915,4.0,88.0,9.0,6.0,72.0,21.0,5.0,83.5,13.0,53.0,87.0,11.0,45.075043,-1720273.8577777406,816797.0323788202,3,grassland
251,864.0,600.0,951.0,3208.0,2399.0,1223.9069,0.0044784546,0.063938476,0.57563853,-0.43223882,0.42182553,-0.14428395,3.0,69.0,25.0,5.0,56.0,31.0,9.5,66.5,22.0,54.0,70.5,23.0,30.749414,-1720819.9631302932,816607.3111989837,2,cropland
252,1072.0,795.0,1141.0,3795.0,2552.0,864.15295,0.0014488399,0.047555156,0.5594822,-0.38207415,0.4772337,-0.19584055,7.0,55.0,39.0,11.0,51.0,46.0,12.0,50.0,35.0,32.5,59.5,34.0,30.118404,-1720840.213765036,816597.2351821134,2,cropland
253,864.0,600.0,951.0,3208.0,2399.0,1223.9069,0.0044784546,0.063938476,0.57563853,-0.43223882,0.42182553,-0.14428395,3.0,69.0,25.0,5.0,56.0,31.0,9.5,66.5,22.0,54.0,70.5,23.0,30.749414,-1720800.5066380913,816617.1220595151,2,cropland
254,794.0,579.0,899.0,3315.0,2364.0,838.0922,0.0013889074,0.05151377,0.61353123,-0.44897333,0.45881405,-0.16745906,6.0,66.0,29.0,8.5,56.0,36.0,12.0,63.5,21.0,7.0,68.5,23.0,32.330597,-1720812.2864190845,816649.4713974069,2,cropland
255,2336.0,2473.0,2600.0,3818.0,2933.0,1887.0365,0.008410037,0.0825478,0.24081896,-0.060184367,0.3989662,-0.13109168,23.0,65.0,18.0,27.0,59.0,19.0,22.0,63.5,19.0,28.0,63.0,25.0,36.55534,-1720806.595064221,816655.3048868504,2,cropland
256,864.0,600.0,951.0,3208.0,2399.0,1223.9069,0.0044784546,0.063938476,0.57563853,-0.43223882,0.42182553,-0.14428395,3.0,69.0,25.0,5.0,56.0,31.0,9.5,66.5,22.0,54.0,70.5,23.0,30.749414,-1720815.9924176002,816619.2433269165,2,cropland
257,864.0,600.0,951.0,3208.0,2399.0,1223.9069,0.0044784546,0.063938476,0.57563853,-0.43223882,0.42182553,-0.14428395,3.0,69.0,25.0,5.0,56.0,31.0,9.5,66.5,22.0,54.0,70.5,23.0,30.749414,-1720824.9926997046,816613.940158586,2,cropland
258,864.0,600.0,951.0,3208.0,2399.0,1223.9069,0.0044784546,0.063938476,0.57563853,-0.43223882,0.42182553,-0.14428395,3.0,69.0,25.0,5.0,56.0,31.0,9.5,66.5,22.0,54.0,70.5,23.0,30.749414,-1720812.154061996,816599.6216069733,2,cropland
259,864.0,600.0,951.0,3208.0,2399.0,1223.9069,0.0044784546,0.063938476,0.57563853,-0.43223882,0.42182553,-0.14428395,3.0,69.0,25.0,5.0,56.0,31.0,9.5,66.5,22.0,54.0,70.5,23.0,30.749414,-1720823.2720575398,816594.053282481,2,cropland
260,1663.0,1204.0,1518.0,3902.0,2779.0,1394.7139,0.0047050416,0.06935336,0.40233603,-0.29346055,0.376936,-0.16808859,7.0,51.0,40.0,13.0,40.0,56.0,9.0,49.5,43.0,31.5,56.0,35.0,27.460566,-1720912.0836648003,816568.9958301303,2,cropland
261,1087.0,880.0,1211.0,3888.0,2724.0,1440.2672,0.0029169917,0.072798945,0.56301504,-0.38449806,0.50706005,-0.17604357,12.0,37.0,56.0,23.5,37.0,56.0,13.0,40.5,54.5,18.0,47.0,41.0,26.802395,-1720923.4663745246,816564.4881416552,2,cropland
262,1087.0,880.0,1211.0,3888.0,2724.0,1440.2672,0.0029169917,0.072798945,0.56301504,-0.38449806,0.50706005,-0.17604357,12.0,37.0,56.0,23.5,37.0,56.0,13.0,40.5,54.5,18.0,47.0,41.0,26.802395,-1720935.9079409672,816563.6926672616,2,cropland
263,1087.0,880.0,1211.0,3888.0,2724.0,1440.2672,0.0029169917,0.072798945,0.56301504,-0.38449806,0.50706005,-0.17604357,12.0,37.0,56.0,23.5,37.0,56.0,13.0,40.5,54.5,18.0,47.0,41.0,26.802395,-1720946.364151062,816561.9691394535,2,cropland
264,773.0,619.0,985.0,4027.0,2699.0,1202.1459,0.0025832653,0.05859118,0.67791665,-0.46525517,0.58013904,-0.19744277,12.0,68.0,16.0,22.5,53.0,27.5,11.0,57.5,25.0,28.0,65.0,24.0,27.784641,-1720965.9530003527,816579.602157597,2,cropland
265,1072.0,795.0,1141.0,3795.0,2552.0,864.15295,0.0014488399,0.047555156,0.5594822,-0.38207415,0.4772337,-0.19584055,7.0,55.0,39.0,11.0,51.0,46.0,12.0,50.0,35.0,32.5,59.5,34.0,30.118404,-1720851.728831849,816599.7541861356,2,cropland
266,704.0,555.0,912.0,4185.0,2346.0,1111.1339,0.0036473274,0.058574922,0.71200657,-0.44014728,0.6108518,-0.28158018,5.0,61.0,32.0,4.0,57.0,38.0,10.0,56.0,28.0,3.0,58.0,39.0,30.140564,-1720849.7434755012,816586.4962716866,2,cropland
267,1072.0,795.0,1141.0,3795.0,2552.0,864.15295,0.0014488399,0.047555156,0.5594822,-0.38207415,0.4772337,-0.19584055,7.0,55.0,39.0,11.0,51.0,46.0,12.0,50.0,35.0,32.5,59.5,34.0,30.118404,-1720837.0371948783,816592.4623327431,2,cropland
268,1072.0,795.0,1141.0,3795.0,2552.0,864.15295,0.0014488399,0.047555156,0.5594822,-0.38207415,0.4772337,-0.19584055,7.0,55.0,39.0,11.0,51.0,46.0,12.0,50.0,35.0,32.5,59.5,34.0,30.118404,-1720830.0222691188,816596.7048654936,2,cropland
269,1141.0,927.0,1231.0,3810.0,2609.0,879.9602,0.0011914372,0.048257265,0.539083,-0.35885414,0.48691937,-0.18710083,12.0,63.0,26.0,14.0,58.0,43.0,17.0,58.0,23.0,12.0,63.5,26.0,32.565907,-1720836.3754094318,816634.4899390771,2,cropland
270,794.0,579.0,899.0,3315.0,2364.0,838.0922,0.0013889074,0.05151377,0.61353123,-0.44897333,0.45881405,-0.16745906,6.0,66.0,29.0,8.5,56.0,36.0,12.0,63.5,21.0,7.0,68.5,23.0,32.330597,-1720826.8456989639,816647.4827079832,2,cropland
271,794.0,579.0,899.0,3315.0,2364.0,838.0922,0.0013889074,0.05151377,0.61353123,-0.44897333,0.45881405,-0.16745906,6.0,66.0,29.0,8.5,56.0,36.0,12.0,63.5,21.0,7.0,68.5,23.0,32.330597,-1720808.3157063914,816633.2967257794,2,cropland
272,791.0,572.0,854.0,2968.0,2179.0,964.91266,0.0017718077,0.05926739,0.5791434,-0.4368612,0.40543056,-0.15329318,6.0,66.0,29.0,8.5,56.0,36.0,12.0,63.5,21.0,7.0,68.5,23.0,35.577534,-1720795.7417828601,816627.4632389677,2,cropland
273,1141.0,927.0,1231.0,3810.0,2609.0,879.9602,0.0011914372,0.048257265,0.539083,-0.35885414,0.48691937,-0.18710083,12.0,63.0,26.0,14.0,58.0,43.0,17.0,58.0,23.0,12.0,63.5,26.0,32.565907,-1720843.919763549,816646.8198115268,2,cropland
274,902.0,620.0,995.0,4248.0,2483.0,1548.726,0.0032684207,0.07188125,0.64970875,-0.42783207,0.55729514,-0.2622196,7.0,74.0,19.0,6.0,57.0,38.0,11.0,70.0,17.0,10.0,67.0,25.0,28.334335,-1720864.3027553805,816574.9618890468,2,cropland
275,902.0,620.0,995.0,4248.0,2483.0,1548.726,0.0032684207,0.07188125,0.64970875,-0.42783207,0.55729514,-0.2622196,7.0,74.0,19.0,6.0,57.0,38.0,11.0,70.0,17.0,10.0,67.0,25.0,28.334335,-1720879.5238207064,816567.9351975105,2,cropland
276,902.0,620.0,995.0,4248.0,2483.0,1548.726,0.0032684207,0.07188125,0.64970875,-0.42783207,0.55729514,-0.2622196,7.0,74.0,19.0,6.0,57.0,38.0,11.0,70.0,17.0,10.0,67.0,25.0,28.334335,-1720871.1853240512,816578.2763665378,2,cropland
277,1663.0,1204.0,1518.0,3902.0,2779.0,1394.7139,0.0047050416,0.06935336,0.40233603,-0.29346055,0.376936,-0.16808859,7.0,51.0,40.0,13.0,40.0,56.0,9.0,49.5,43.0,31.5,56.0,35.0,27.460566,-1720892.362458421,816576.4202591149,2,cropland
278,902.0,620.0,995.0,4248.0,2483.0,1548.726,0.0032684207,0.07188125,0.64970875,-0.42783207,0.55729514,-0.2622196,7.0,74.0,19.0,6.0,57.0,38.0,11.0,70.0,17.0,10.0,67.0,25.0,28.334335,-1720876.7443218231,816575.3596263338,2,cropland
279,1663.0,1204.0,1518.0,3902.0,2779.0,1394.7139,0.0047050416,0.06935336,0.40233603,-0.29346055,0.376936,-0.16808859,7.0,51.0,40.0,13.0,40.0,56.0,9.0,49.5,43.0,31.5,56.0,35.0,27.460566,-1720905.068739041,816576.4202591149,2,cropland
280,1663.0,1204.0,1518.0,3902.0,2779.0,1394.7139,0.0047050416,0.06935336,0.40233603,-0.29346055,0.376936,-0.16808859,7.0,51.0,40.0,13.0,40.0,56.0,9.0,49.5,43.0,31.5,56.0,35.0,27.460566,-1720893.950743497,816567.1397230608,2,cropland
281,1087.0,880.0,1211.0,3888.0,2724.0,1440.2672,0.0029169917,0.072798945,0.56301504,-0.38449806,0.50706005,-0.17604357,12.0,37.0,56.0,23.5,37.0,56.0,13.0,40.5,54.5,18.0,47.0,41.0,26.802395,-1720925.0546596036,816570.9845163547,2,cropland
282,1087.0,880.0,1211.0,3888.0,2724.0,1440.2672,0.0029169917,0.072798945,0.56301504,-0.38449806,0.50706005,-0.17604357,12.0,37.0,56.0,23.5,37.0,56.0,13.0,40.5,54.5,18.0,47.0,41.0,26.802395,-1720944.378794714,816574.6967308571,2,cropland
283,1087.0,880.0,1211.0,3888.0,2724.0,1440.2672,0.0029169917,0.072798945,0.56301504,-0.38449806,0.50706005,-0.17604357,12.0,37.0,56.0,23.5,37.0,56.0,13.0,40.5,54.5,18.0,47.0,41.0,26.802395,-1720941.7316529197,816562.1017185135,2,cropland
284,1087.0,880.0,1211.0,3888.0,2724.0,1440.2672,0.0029169917,0.072798945,0.56301504,-0.38449806,0.50706005,-0.17604357,12.0,37.0,56.0,23.5,37.0,56.0,13.0,40.5,54.5,18.0,47.0,41.0,26.802395,-1720945.570008524,816585.9659551836,2,cropland
285,839.0,665.0,1041.0,4712.0,2392.0,1421.1764,0.0028116703,0.059694674,0.6977121,-0.39353338,0.6560626,-0.32657656,7.0,79.0,13.0,10.5,67.0,15.5,14.0,64.5,19.0,36.0,73.5,19.5,28.26839,-1720986.1374565456,816565.0184579247,2,cropland
286,839.0,665.0,1041.0,4712.0,2392.0,1421.1764,0.0028116703,0.059694674,0.6977121,-0.39353338,0.6560626,-0.32657656,7.0,79.0,13.0,10.5,67.0,15.5,14.0,64.5,19.0,36.0,73.5,19.5,28.26839,-1720980.9755300428,816571.1833849816,2,cropland
287,839.0,665.0,1041.0,4712.0,2392.0,1421.1764,0.0028116703,0.059694674,0.6977121,-0.39353338,0.6560626,-0.32657656,7.0,79.0,13.0,10.5,67.0,15.5,14.0,64.5,19.0,36.0,73.5,19.5,28.26839,-1720988.983133976,816575.6910740755,2,cropland
288,773.0,619.0,985.0,4027.0,2699.0,1202.1459,0.0025832653,0.05859118,0.67791665,-0.46525517,0.58013904,-0.19744277,12.0,68.0,16.0,22.5,53.0,27.5,11.0,57.5,25.0,28.0,65.0,24.0,27.784641,-1720974.4238540968,816579.8673158133,2,cropland
289,839.0,665.0,1041.0,4712.0,2392.0,1421.1764,0.0028116703,0.059694674,0.6977121,-0.39353338,0.6560626,-0.32657656,7.0,79.0,13.0,10.5,67.0,15.5,14.0,64.5,19.0,36.0,73.5,19.5,28.26839,-1721002.5497356814,816589.0152751548,2,cropland
290,672.0,551.0,917.0,4502.0,2196.0,1427.9028,0.003845334,0.07433973,0.7402397,-0.4108577,0.66486126,-0.34428185,8.0,84.0,6.0,18.0,69.0,12.5,15.0,57.0,22.5,17.0,79.5,23.0,27.825499,-1721015.8516232064,816592.2634640295,2,cropland
291,364.0,398.0,699.0,5138.0,1968.0,956.18115,0.00067692995,0.044241317,0.8676845,-0.47581547,0.8324614,-0.4461019,5.0,84.0,9.0,8.5,76.0,39.5,9.0,62.5,20.0,15.0,77.0,29.0,28.306711,-1721019.3590860863,816586.0322447463,2,cropland
292,839.0,665.0,1041.0,4712.0,2392.0,1421.1764,0.0028116703,0.059694674,0.6977121,-0.39353338,0.6560626,-0.32657656,7.0,79.0,13.0,10.5,67.0,15.5,14.0,64.5,19.0,36.0,73.5,19.5,28.26839,-1721005.1968774786,816566.344248624,2,cropland
293,436.0,409.0,730.0,4352.0,2386.0,607.6887,0.0005185008,0.02787452,0.81787807,-0.53145057,0.7042913,-0.291778,6.0,84.0,11.0,19.0,70.0,21.5,8.0,76.0,14.5,6.0,84.0,14.5,44.1816,-1720006.231742149,816397.0410677595,2,cropland
294,436.0,409.0,730.0,4352.0,2386.0,607.6887,0.0005185008,0.02787452,0.81787807,-0.53145057,0.7042913,-0.291778,6.0,84.0,11.0,19.0,70.0,21.5,8.0,76.0,14.5,6.0,84.0,14.5,44.1816,-1720014.3717031712,816404.7969171616,2,cropland
295,432.0,426.0,799.0,4377.0,2542.0,639.266,0.0005489588,0.032572776,0.82033694,-0.52170014,0.71602297,-0.26521173,3.0,93.0,3.0,20.0,72.0,25.0,5.0,83.0,6.0,4.0,91.0,18.0,35.99183,-1719998.2241382156,816413.8785543528,2,cropland
296,740.0,556.0,973.0,4015.0,2365.0,620.42126,0.0010188222,0.031343713,0.68874866,-0.4170162,0.5731537,-0.25862068,2.0,85.0,12.0,19.0,70.0,14.0,14.5,76.5,14.0,3.0,85.0,10.5,36.48973,-1719984.260465244,816421.4355384135,2,cropland
297,432.0,426.0,799.0,4377.0,2542.0,639.266,0.0005489588,0.032572776,0.82033694,-0.52170014,0.71602297,-0.26521173,3.0,93.0,3.0,20.0,72.0,25.0,5.0,83.0,6.0,4.0,91.0,18.0,35.99183,-1719999.944780386,816421.1703810582,2,cropland
298,740.0,556.0,973.0,4015.0,2365.0,620.42126,0.0010188222,0.031343713,0.68874866,-0.4170162,0.5731537,-0.25862068,2.0,85.0,12.0,19.0,70.0,14.0,14.5,76.5,14.0,3.0,85.0,10.5,36.48973,-1719981.480966358,816433.7653570246,2,cropland
299,502.0,453.0,840.0,4623.0,2391.0,750.4629,0.0006944835,0.037178118,0.8040976,-0.4800371,0.7236173,-0.31822073,6.0,92.0,3.0,13.0,74.0,18.5,12.0,80.5,12.0,6.0,92.0,55.0,38.174263,-1720034.2914451922,816417.855914239,2,cropland
300,502.0,453.0,840.0,4623.0,2391.0,750.4629,0.0006944835,0.037178118,0.8040976,-0.4800371,0.7236173,-0.31822073,6.0,92.0,3.0,13.0,74.0,18.5,12.0,80.5,12.0,6.0,92.0,55.0,38.174263,-1720038.3945149768,816414.6740263044,2,cropland
301,502.0,453.0,840.0,4623.0,2391.0,750.4629,0.0006944835,0.037178118,0.8040976,-0.4800371,0.7236173,-0.31822073,6.0,92.0,3.0,13.0,74.0,18.5,12.0,80.5,12.0,6.0,92.0,55.0,38.174263,-1720033.4973026514,816427.1364219005,2,cropland
302,432.0,426.0,799.0,4377.0,2542.0,639.266,0.0005489588,0.032572776,0.82033694,-0.52170014,0.71602297,-0.26521173,3.0,93.0,3.0,20.0,72.0,25.0,5.0,83.0,6.0,4.0,91.0,18.0,35.99183,-1720004.114028715,816433.1024634715,2,cropland
303,483.0,448.0,844.0,4519.0,2137.0,605.38257,0.00083619356,0.031362362,0.8068772,-0.43374705,0.71779186,-0.3578726,3.0,90.0,8.0,3.5,83.0,12.0,8.5,83.5,9.5,17.5,85.0,15.0,15.648031,-1718558.01355473,816096.8840137976,2,cropland
304,684.0,563.0,965.0,4591.0,2570.0,732.0822,0.0007813573,0.035977043,0.74066347,-0.45403108,0.6749007,-0.28222317,4.0,88.0,8.0,9.0,82.0,16.0,5.5,85.5,8.0,14.0,87.0,24.0,17.30646,-1718541.965257591,816096.1879803713,2,cropland
305,483.0,448.0,844.0,4519.0,2137.0,605.38257,0.00083619356,0.031362362,0.8068772,-0.43374705,0.71779186,-0.3578726,3.0,90.0,8.0,3.5,83.0,12.0,8.5,83.5,9.5,17.5,85.0,15.0,15.648031,-1718556.3921803818,816090.752291098,2,cropland
306,684.0,563.0,965.0,4591.0,2570.0,732.0822,0.0007813573,0.035977043,0.74066347,-0.45403108,0.6749007,-0.28222317,4.0,88.0,8.0,9.0,82.0,16.0,5.5,85.5,8.0,14.0,87.0,24.0,17.30646,-1718534.0900107494,816096.8840137976,2,cropland
307,703.0,562.0,888.0,4500.0,2086.0,1458.7244,0.0035641491,0.0681434,0.7297713,-0.4028245,0.65451974,-0.36653507,5.0,93.0,7.0,21.0,60.0,59.0,33.5,53.5,43.0,20.5,75.0,44.5,46.607002,-1725370.6645921285,814309.1051407421,2,cropland
308,703.0,562.0,888.0,4500.0,2086.0,1458.7244,0.0035641491,0.0681434,0.7297713,-0.4028245,0.65451974,-0.36653507,5.0,93.0,7.0,21.0,60.0,59.0,33.5,53.5,43.0,20.5,75.0,44.5,46.607002,-1725369.4733783186,814297.5712957422,2,cropland
309,593.0,539.0,996.0,4835.0,2338.0,1147.5808,0.0016598701,0.05676534,0.7815033,-0.40251946,0.73899865,-0.34811097,6.0,87.0,22.0,11.0,57.0,50.5,31.0,58.0,52.5,21.5,59.0,48.0,26.811605,-1725307.9273315603,814268.2726902097,2,cropland
310,593.0,539.0,996.0,4835.0,2338.0,1147.5808,0.0016598701,0.05676534,0.7815033,-0.40251946,0.73899865,-0.34811097,6.0,87.0,22.0,11.0,57.0,50.5,31.0,58.0,52.5,21.5,59.0,48.0,26.811605,-1725316.398185307,814265.4886607322,2,cropland
311,593.0,539.0,996.0,4835.0,2338.0,1147.5808,0.0016598701,0.05676534,0.7815033,-0.40251946,0.73899865,-0.34811097,6.0,87.0,22.0,11.0,57.0,50.5,31.0,58.0,52.5,21.5,59.0,48.0,26.811605,-1725327.91325212,814257.4017188636,2,cropland
312,590.0,546.0,931.0,5043.0,2343.0,1697.9451,0.0021559596,0.07130954,0.7905201,-0.43127674,0.7683946,-0.36555642,5.0,86.0,10.0,19.0,56.0,42.0,33.0,59.0,41.5,21.5,64.0,37.0,33.10697,-1725308.456759918,814304.0673690285,2,cropland
313,422.0,454.0,769.0,4773.0,2220.0,954.61414,0.0010179579,0.045024678,0.83753604,-0.4854466,0.7825539,-0.36507934,6.0,90.0,14.0,11.0,60.0,64.0,35.0,55.5,56.0,24.0,74.0,47.5,30.862434,-1725335.9870346005,814277.6853624723,2,cropland
314,666.0,508.0,819.0,3130.0,2673.0,460.11493,0.00083068013,0.028879624,0.64910436,-0.53092784,0.4626014,-0.07875235,6.0,74.0,18.0,12.0,70.0,17.5,6.0,59.0,24.0,12.0,80.0,15.0,67.94824,-1715588.813869776,817473.8564374492,5,baresoil
315,582.0,458.0,828.0,3213.0,2409.0,426.08325,0.00044217706,0.0281468,0.69328064,-0.48841515,0.49566692,-0.14300962,4.0,84.0,13.0,7.0,77.0,14.0,15.0,61.0,17.0,20.0,80.0,20.0,72.04984,-1715554.6657406087,817499.3120995987,5,baresoil
316,894.0,592.0,909.0,2718.0,2919.0,538.1764,0.00080138445,0.0349669,0.5049834,-0.52507836,0.33426186,0.03565726,6.0,64.0,32.0,8.0,63.0,30.0,16.5,54.0,36.0,6.0,69.0,24.0,78.50928,-1715649.6981310877,817446.5446480531,5,baresoil
317,634.0,467.0,834.0,3331.0,2506.0,510.9771,0.0004248023,0.033507243,0.68020177,-0.5005988,0.49459013,-0.14133969,4.0,81.0,16.0,11.0,76.0,13.0,14.5,62.5,19.0,4.0,81.0,14.0,73.42397,-1715593.57872501,817500.3727524764,5,baresoil
318,666.0,508.0,819.0,3130.0,2673.0,460.11493,0.00083068013,0.028879624,0.64910436,-0.53092784,0.4626014,-0.07875235,6.0,74.0,18.0,12.0,70.0,17.5,6.0,59.0,24.0,12.0,80.0,15.0,67.94824,-1715606.2850056328,817482.0764935649,5,baresoil
319,666.0,508.0,819.0,3130.0,2673.0,460.11493,0.00083068013,0.028879624,0.64910436,-0.53092784,0.4626014,-0.07875235,6.0,74.0,18.0,12.0,70.0,17.5,6.0,59.0,24.0,12.0,80.0,15.0,67.94824,-1715596.4905809846,817466.962197905,5,baresoil
320,467.0,408.0,705.0,3514.0,2263.0,483.32986,0.00080758333,0.031200483,0.76538557,-0.52493256,0.5746454,-0.21654835,2.0,80.0,16.0,8.0,74.0,15.0,3.0,62.5,20.0,39.5,79.0,14.5,58.24495,-1715579.5488734911,817455.2950255136,5,baresoil
321,597.0,500.0,904.0,3518.0,2263.0,576.74365,0.0009550452,0.03261985,0.70984197,-0.42911267,0.5470037,-0.21709047,1.0,83.0,15.0,8.0,73.0,16.0,16.5,55.5,23.5,15.0,79.0,11.0,88.385956,-1715634.874137031,817526.0935918376,5,baresoil
322,585.0,469.0,945.0,3911.0,2401.0,573.0211,0.00061270595,0.029843502,0.7397687,-0.43514642,0.59805083,-0.23922688,3.0,85.0,11.0,7.0,80.0,11.0,30.0,66.0,16.0,12.0,83.0,16.0,83.01412,-1715580.0783018488,817546.77633849,5,baresoil
323,362.0,365.0,729.0,4251.0,1912.0,526.4967,0.00044047832,0.028107876,0.84305215,-0.4479364,0.7104234,-0.37952295,3.0,89.0,7.0,9.5,78.0,12.5,27.0,66.0,10.0,23.0,85.0,10.0,52.043972,-1715537.4593189321,817442.567204272,5,baresoil
324,702.0,558.0,852.0,3492.0,2275.0,477.43597,0.0008443594,0.030705862,0.66523606,-0.4550688,0.51594055,-0.21102826,2.0,81.0,15.0,14.5,71.0,15.0,16.0,61.5,17.0,35.0,81.0,11.0,46.88637,-1715518.3998979991,817396.9592054504,5,baresoil
325,325.0,381.0,682.0,4268.0,1630.0,448.63428,0.0005943775,0.024527658,0.85848033,-0.4100346,0.7378092,-0.4472703,4.0,96.0,3.0,17.0,73.0,59.0,21.0,72.5,5.0,13.0,85.0,41.0,51.893387,-1715904.088457707,817434.081991958,1,forest
326,382.0,450.0,764.0,4844.0,1779.0,702.08923,0.0011281073,0.035865285,0.8538079,-0.3991349,0.81062424,-0.46278125,9.0,90.0,5.0,12.0,77.0,8.5,12.0,79.0,22.0,11.0,80.0,20.0,47.66387,-1715932.677589108,816908.0017128289,1,forest
327,267.0,360.0,499.0,3791.0,1469.0,656.0944,0.0014821887,0.046722822,0.86840814,-0.49288622,0.6940834,-0.44144484,12.0,83.0,7.0,14.0,77.0,15.0,12.5,77.5,60.0,22.0,81.0,21.0,22.968725,-1715917.8535950456,816776.4825298587,1,forest
328,279.0,338.0,544.0,4128.0,1632.0,563.8364,0.0003721118,0.03467335,0.8733832,-0.50000006,0.72529584,-0.4333333,4.0,96.0,2.0,24.0,61.0,13.0,27.0,62.0,67.0,5.0,93.0,36.0,41.572773,-1716218.5689030946,818242.3050978614,1,forest
329,334.0,383.0,623.0,4240.0,1689.0,941.8627,0.0011640191,0.053174853,0.8539572,-0.46107268,0.7302846,-0.4302581,2.0,95.0,4.0,11.0,71.0,18.0,14.5,74.5,43.5,42.0,93.0,11.0,60.06844,-1717163.0690959727,817972.8959059368,1,forest
330,289.0,336.0,552.0,3870.0,1474.0,484.6133,0.0005541146,0.031113697,0.8610243,-0.45508397,0.6842326,-0.4483533,4.0,95.0,64.0,8.0,70.0,13.0,16.5,67.0,64.0,5.0,93.0,45.0,54.051502,-1716915.2966238493,818594.448493975,1,forest
331,282.0,325.0,542.0,3870.0,1557.0,719.9614,0.00061792135,0.042465493,0.86416185,-0.4835636,0.6834546,-0.42620233,3.0,97.0,4.0,19.0,93.0,8.5,16.0,71.5,53.5,3.0,95.0,20.0,28.87988,-1716239.7460374644,818766.2784253628,1,forest
332,262.0,313.0,540.0,4514.0,1633.0,503.72565,0.00024139881,0.026578791,0.8902848,-0.5029912,0.7737381,-0.4686839,2.0,97.0,20.0,15.0,77.0,25.0,6.0,82.0,45.5,27.5,96.0,46.0,24.722174,-1717959.329348257,818204.1210272519,1,forest
333,247.0,291.0,487.0,3767.0,1467.0,790.64276,0.00064593554,0.048962276,0.87693065,-0.50153524,0.67347795,-0.4394345,9.0,87.0,12.0,9.0,85.0,43.5,13.0,73.0,19.0,20.0,87.0,14.0,75.27887,-1718817.0032902167,819937.2837510238,1,forest
334,377.0,419.0,673.0,4237.0,1731.0,836.62366,0.0009316802,0.045091525,0.8365843,-0.44009984,0.7224947,-0.4199062,5.0,83.0,26.0,29.0,65.0,26.0,34.0,60.5,26.0,40.0,94.0,15.0,47.19931,-1718749.2364602343,821023.458844148,1,forest
335,239.0,295.0,531.0,4317.0,1597.0,552.9181,0.0002901256,0.030335683,0.89508337,-0.50093985,0.75303763,-0.45992556,3.0,94.0,6.0,5.0,92.0,34.5,21.5,70.5,18.0,4.5,94.0,18.5,70.62572,-1717453.195836821,820471.8825185738,1,forest
336,337.0,410.0,698.0,5145.0,1696.0,765.12085,0.00082075596,0.035772994,0.8770522,-0.4168755,0.85296637,-0.50416607,4.0,94.0,33.0,16.0,79.0,39.5,9.0,84.0,35.5,25.5,76.0,33.0,115.81212,-1721205.7840470958,813217.113960365,1,forest
337,280.0,363.0,578.0,4524.0,1779.0,793.20337,0.0008789897,0.03969856,0.8834305,-0.50954604,0.7870044,-0.43550694,8.0,89.0,6.0,13.0,74.0,10.5,12.0,73.0,14.0,12.5,89.0,30.0,81.28371,-1720672.1202609858,813106.815853145,1,forest
338,673.0,754.0,1050.0,4823.0,2055.0,1177.2314,0.0027644634,0.0626768,0.75509465,-0.32367152,0.7856277,-0.40244254,2.0,92.0,6.0,7.5,68.0,6.0,34.5,61.5,41.0,21.0,70.0,17.0,67.97143,-1724729.6592061769,813514.0716372945,1,forest
339,297.0,358.0,613.0,4199.0,1724.0,776.6776,0.0007674992,0.044750217,0.8678825,-0.47539583,0.7336793,-0.41786256,4.0,93.0,3.0,29.5,58.0,38.0,37.0,55.5,35.5,42.5,66.0,39.0,73.43925,-1725339.560676019,814727.3745757052,1,forest
340,304.0,337.0,529.0,4302.0,1566.0,513.78625,0.000728935,0.02853617,0.86799824,-0.49498805,0.7350075,-0.4662577,4.0,94.0,59.0,14.0,67.0,55.0,24.5,56.0,56.5,18.0,95.0,43.0,96.69722,-1719265.9585388536,828831.0596506125,1,forest
341,429.0,487.0,722.0,5092.0,1892.0,1166.2921,0.0009856224,0.06873069,0.84459335,-0.44758993,0.83187634,-0.45819017,5.0,90.0,27.0,19.0,72.0,10.5,26.5,51.0,39.0,23.0,75.0,57.0,117.42995,-1718147.8058441419,833702.9652798389,1,forest
342,295.0,305.0,517.0,3822.0,1562.0,530.66315,0.0007368028,0.036108695,0.8566917,-0.50264555,0.66274565,-0.41976225,20.0,78.0,14.0,20.0,63.0,12.5,22.0,57.5,32.0,11.0,97.0,21.0,59.10868,-1716402.8099720948,836588.9970489839,1,forest
343,412.0,471.0,706.0,4487.0,1654.0,680.1187,0.0011169314,0.038055066,0.83180237,-0.4016949,0.7587606,-0.46132556,8.0,91.0,12.0,11.0,88.0,10.0,27.5,60.5,59.0,28.5,68.0,12.0,106.62055,-1713929.32067774,838711.1907523044,1,forest
344,428.0,477.0,702.0,4215.0,1719.0,978.3696,0.0013613701,0.06613112,0.8156364,-0.42007434,0.7169361,-0.42062688,14.0,76.0,49.0,14.0,76.0,26.0,21.0,45.5,52.0,35.0,65.0,53.5,67.456474,-1718791.5907289765,832260.0147740388,1,forest
345,309.0,370.0,604.0,4583.0,1752.0,233.9605,0.00018438697,0.012205308,0.8736713,-0.48726657,0.7820964,-0.44688243,2.0,97.0,38.0,15.0,70.0,23.5,19.0,63.5,17.0,2.5,97.0,56.0,68.817764,-1718300.2812116032,829425.167994638,1,forest
346,334.0,353.0,594.0,3936.0,1604.0,555.121,0.00068974495,0.031779964,0.84355974,-0.45950866,0.67744964,-0.42093858,11.0,87.0,60.0,18.0,75.0,39.0,27.0,51.5,53.5,11.0,89.0,14.0,57.38755,-1720722.9453834747,828152.0876752906,1,forest
347,437.0,518.0,737.0,4492.0,1694.0,905.8296,0.0012201071,0.061366957,0.822682,-0.39366513,0.7663088,-0.45231166,4.0,95.0,11.0,4.0,88.0,42.0,16.0,53.0,49.5,18.5,57.0,53.0,133.5679,-1717690.3797417611,836181.5466836805,1,forest
348,380.0,439.0,658.0,4698.0,1711.0,1473.2393,0.00087311864,0.074710906,0.8503348,-0.44449136,0.78879106,-0.4660633,4.0,94.0,29.0,4.5,81.0,16.0,12.0,65.5,46.0,11.0,94.0,50.0,106.7814,-1717063.5365644228,832989.9725316257,1,forest
349,414.0,447.0,736.0,4339.0,1734.0,821.6872,0.0009587407,0.040462065,0.82579416,-0.40404856,0.7284436,-0.42894784,10.0,89.0,2.0,7.0,61.0,41.0,33.0,53.0,13.5,21.5,67.0,20.0,94.636604,-1720231.6358661014,824366.9942847672,1,forest
350,443.0,444.0,811.0,3789.0,2000.0,587.295,0.00045740604,0.03441582,0.79064274,-0.42298114,0.637722,-0.30903438,3.0,81.0,16.0,14.0,63.0,28.0,24.0,68.5,15.0,52.0,79.5,20.0,22.678127,-1720275.4901818624,817228.9347562848,3,grassland
351,512.0,460.0,830.0,3530.0,2246.0,618.3133,0.0004081726,0.03474265,0.74666005,-0.46033815,0.573677,-0.22229914,2.0,81.0,17.0,19.0,66.0,23.5,21.0,65.5,17.0,53.0,79.5,19.0,26.775898,-1720269.66646991,817218.2399003768,3,grassland
352,443.0,444.0,811.0,3789.0,2000.0,587.295,0.00045740604,0.03441582,0.79064274,-0.42298114,0.637722,-0.30903438,3.0,81.0,16.0,14.0,63.0,28.0,24.0,68.5,15.0,52.0,79.5,20.0,22.678127,-1720288.0199863622,817244.3141399674,3,grassland
353,590.0,497.0,914.0,4462.0,1404.0,727.90314,0.0007259846,0.038848095,0.76642907,-0.21138917,0.67813236,-0.52130926,5.0,94.0,8.0,12.0,91.0,8.0,18.0,81.0,9.0,37.0,90.0,29.0,5.605631,-1716429.9872945398,815185.8178949563,5,baresoil
354,1902.0,1397.0,1834.0,3965.0,1335.0,1970.3828,0.006435871,0.07538845,0.35162777,0.15746294,0.34615254,-0.49622646,20.0,82.0,12.0,34.0,83.0,12.5,20.0,72.0,26.0,26.0,82.0,18.0,12.618849,-1715928.08920998,815084.795602769,5,baresoil
355,730.0,624.0,917.0,4606.0,1413.0,839.6294,0.0016307235,0.04284634,0.72638685,-0.2128755,0.6773382,-0.5304868,8.0,93.0,5.0,58.0,91.0,9.0,16.0,78.0,11.0,35.5,92.0,17.0,15.190858,-1715947.4133450906,815077.9900840303,5,baresoil
356,1902.0,1397.0,1834.0,3965.0,1335.0,1970.3828,0.006435871,0.07538845,0.35162777,0.15746294,0.34615254,-0.49622646,20.0,82.0,12.0,34.0,83.0,12.5,20.0,72.0,26.0,26.0,82.0,18.0,12.618849,-1715933.9129219325,815077.0178671451,5,baresoil
357,1902.0,1397.0,1834.0,3965.0,1335.0,1970.3828,0.006435871,0.07538845,0.35162777,0.15746294,0.34615254,-0.49622646,20.0,82.0,12.0,34.0,83.0,12.5,20.0,72.0,26.0,26.0,82.0,18.0,12.618849,-1715924.9126398251,815078.3436174481,5,baresoil
358,730.0,624.0,917.0,4606.0,1413.0,839.6294,0.0016307235,0.04284634,0.72638685,-0.2128755,0.6773382,-0.5304868,8.0,93.0,5.0,58.0,91.0,9.0,16.0,78.0,11.0,35.5,92.0,17.0,15.190858,-1715946.5309644954,815072.952233107,5,baresoil
359,501.0,477.0,741.0,3311.0,1279.0,1032.8718,0.004106939,0.06460567,0.73714584,-0.26633662,0.5514345,-0.4427015,9.0,84.0,11.0,16.5,80.0,11.0,23.0,76.0,11.0,19.5,83.0,17.0,0.0,-1720352.6102461983,812730.938030309,5,baresoil
360,501.0,477.0,741.0,3311.0,1279.0,1032.8718,0.004106939,0.06460567,0.73714584,-0.26633662,0.5514345,-0.4427015,9.0,84.0,11.0,16.5,80.0,11.0,23.0,76.0,11.0,19.5,83.0,17.0,0.0,-1720366.3753835394,812734.296436842,5,baresoil
361,501.0,477.0,741.0,3311.0,1279.0,1032.8718,0.004106939,0.06460567,0.73714584,-0.26633662,0.5514345,-0.4427015,9.0,84.0,11.0,16.5,80.0,11.0,23.0,76.0,11.0,19.5,83.0,17.0,0.0,-1720367.610716378,812736.2407775715,5,baresoil
362,501.0,477.0,741.0,3311.0,1279.0,1032.8718,0.004106939,0.06460567,0.73714584,-0.26633662,0.5514345,-0.4427015,9.0,84.0,11.0,16.5,80.0,11.0,23.0,76.0,11.0,19.5,83.0,17.0,0.0,-1720350.4925327615,812732.2637170705,5,baresoil
363,574.0,534.0,804.0,3871.0,1547.0,925.8913,0.0020468235,0.056100257,0.74173236,-0.31603572,0.6192712,-0.42894056,7.0,76.0,16.0,12.0,75.0,15.0,8.0,71.0,16.0,24.5,77.0,21.0,0.0,-1720387.9054701468,812730.407755614,5,baresoil
364,574.0,534.0,804.0,3871.0,1547.0,925.8913,0.0020468235,0.056100257,0.74173236,-0.31603572,0.6192712,-0.42894056,7.0,76.0,16.0,12.0,75.0,15.0,8.0,71.0,16.0,24.5,77.0,21.0,0.0,-1720386.9348514914,812727.0493493471,5,baresoil
365,574.0,534.0,804.0,3871.0,1547.0,925.8913,0.0020468235,0.056100257,0.74173236,-0.31603572,0.6192712,-0.42894056,7.0,76.0,16.0,12.0,75.0,15.0,8.0,71.0,16.0,24.5,77.0,21.0,0.0,-1720390.9055641843,812723.8677015173,5,baresoil
366,574.0,534.0,804.0,3871.0,1547.0,925.8913,0.0020468235,0.056100257,0.74173236,-0.31603572,0.6192712,-0.42894056,7.0,76.0,16.0,12.0,75.0,15.0,8.0,71.0,16.0,24.5,77.0,21.0,0.0,-1720391.9644209028,812728.9053106769,5,baresoil
367,574.0,534.0,804.0,3871.0,1547.0,925.8913,0.0020468235,0.056100257,0.74173236,-0.31603572,0.6192712,-0.42894056,7.0,76.0,16.0,12.0,75.0,15.0,8.0,71.0,16.0,24.5,77.0,21.0,0.0,-1720396.023371656,812727.4912448954,5,baresoil
368,574.0,534.0,804.0,3871.0,1547.0,925.8913,0.0020468235,0.056100257,0.74173236,-0.31603572,0.6192712,-0.42894056,7.0,76.0,16.0,12.0,75.0,15.0,8.0,71.0,16.0,24.5,77.0,21.0,0.0,-1720396.7292761367,812722.5420149824,5,baresoil
369,664.0,517.0,798.0,3389.0,2192.0,762.3003,0.0020866692,0.042880297,0.6723415,-0.46622077,0.50479794,-0.2144777,9.0,69.0,18.0,14.5,60.0,23.0,22.0,60.5,22.5,10.0,75.0,18.5,16.887556,-1716478.694703609,816595.6442322538,5,baresoil
370,721.0,613.0,980.0,4360.0,2508.0,995.55255,0.0022546053,0.047878362,0.71619767,-0.43807346,0.64573944,-0.26965633,12.0,75.0,13.0,24.5,65.0,14.5,18.5,60.5,25.5,10.0,77.0,13.0,24.958038,-1716497.2246961843,816598.6935528296,5,baresoil
371,721.0,613.0,980.0,4360.0,2508.0,995.55255,0.0022546053,0.047878362,0.71619767,-0.43807346,0.64573944,-0.26965633,12.0,75.0,13.0,24.5,65.0,14.5,18.5,60.5,25.5,10.0,77.0,13.0,24.958038,-1716484.9154868303,816611.4211538136,5,baresoil
372,565.0,498.0,782.0,3842.0,2440.0,869.624,0.0035449862,0.049912173,0.7435898,-0.5145872,0.60698676,-0.22317734,8.0,81.0,11.0,17.0,63.0,18.0,9.0,66.5,12.5,7.5,81.0,13.0,14.455906,-1716505.298478662,816632.6338294984,5,baresoil
373,755.0,642.0,1021.0,4490.0,2142.0,600.3429,0.000780344,0.031163266,0.7121067,-0.35441038,0.657339,-0.354041,9.0,75.0,13.0,24.0,63.0,12.0,20.0,65.0,15.0,9.0,78.0,14.0,27.061369,-1716528.725683557,816627.3306597125,5,baresoil
374,755.0,642.0,1021.0,4490.0,2142.0,600.3429,0.000780344,0.031163266,0.7121067,-0.35441038,0.657339,-0.354041,9.0,75.0,13.0,24.0,63.0,12.0,20.0,65.0,15.0,9.0,78.0,14.0,27.061369,-1716533.225824608,816645.6265979103,5,baresoil
375,455.0,439.0,782.0,4462.0,1910.0,531.0726,0.0007919669,0.027556185,0.81492776,-0.41901934,0.7207093,-0.40050223,6.0,70.0,16.0,22.0,70.0,15.0,21.0,65.0,19.0,10.5,77.0,16.0,25.695566,-1716530.7110399022,816660.6080596596,5,baresoil
376,455.0,439.0,782.0,4462.0,1910.0,531.0726,0.0007919669,0.027556185,0.81492776,-0.41901934,0.7207093,-0.40050223,6.0,70.0,16.0,22.0,70.0,15.0,21.0,65.0,19.0,10.5,77.0,16.0,25.695566,-1716525.0196850472,816679.9646453693,5,baresoil
377,1875.0,1241.0,1670.0,3262.0,2641.0,862.1728,0.0012797713,0.050326142,0.27000195,-0.22523776,0.2280575,-0.10520079,13.0,60.0,28.0,22.0,51.0,31.0,14.5,58.0,27.0,21.0,67.0,14.0,16.52327,-1716507.283835013,816699.3212387596,5,baresoil
378,960.0,654.0,1055.0,3822.0,2598.0,1056.7952,0.002826333,0.055663753,0.5984943,-0.42239252,0.48749745,-0.19065425,13.0,60.0,28.0,22.0,51.0,31.0,14.5,58.0,27.0,21.0,67.0,14.0,12.990521,-1716501.4601230605,816678.904010337,5,baresoil
379,1082.0,803.0,1047.0,2340.0,1884.0,579.8269,0.0018911064,0.04812517,0.3676213,-0.28556806,0.24552093,-0.10795454,22.0,31.0,47.0,35.0,33.0,47.0,31.0,32.0,47.0,21.0,49.0,41.0,31.090126,-1719688.1555958472,816285.2111368821,5,baresoil
380,1369.0,885.0,1300.0,2855.0,2435.0,1151.5348,0.0041804314,0.07901504,0.35179925,-0.3038822,0.25742298,-0.07939508,18.0,32.0,47.0,40.0,39.0,47.0,20.0,38.0,48.0,16.0,44.5,43.0,34.70531,-1719690.9350947333,816282.559570796,5,baresoil
381,1369.0,885.0,1300.0,2855.0,2435.0,1151.5348,0.0041804314,0.07901504,0.35179925,-0.3038822,0.25742298,-0.07939508,18.0,32.0,47.0,40.0,39.0,47.0,20.0,38.0,48.0,16.0,44.5,43.0,34.70531,-1719691.3321660024,816287.4649681691,5,baresoil
382,1963.0,1491.0,1800.0,2565.0,2842.0,1296.5468,0.0022973418,0.08013538,0.13295054,-0.22447221,0.114357375,0.051229898,37.0,11.0,88.0,43.0,32.0,44.5,40.5,28.0,75.0,29.0,40.0,55.0,31.799862,-1719678.625885382,816351.3677573767,5,baresoil
383,1963.0,1491.0,1800.0,2565.0,2842.0,1296.5468,0.0022973418,0.08013538,0.13295054,-0.22447221,0.114357375,0.051229898,37.0,11.0,88.0,43.0,32.0,44.5,40.5,28.0,75.0,29.0,40.0,55.0,31.799862,-1719672.2727450693,816354.5496411836,5,baresoil
384,1963.0,1491.0,1800.0,2565.0,2842.0,1296.5468,0.0022973418,0.08013538,0.13295054,-0.22447221,0.114357375,0.051229898,37.0,11.0,88.0,43.0,32.0,44.5,40.5,28.0,75.0,29.0,40.0,55.0,31.799862,-1719673.4639588792,816359.9853598339,5,baresoil
385,1963.0,1491.0,1800.0,2565.0,2842.0,1296.5468,0.0022973418,0.08013538,0.13295054,-0.22447221,0.114357375,0.051229898,37.0,11.0,88.0,43.0,32.0,44.5,40.5,28.0,75.0,29.0,40.0,55.0,31.799862,-1719678.758242471,816363.2998227228,5,baresoil
386,1963.0,1491.0,1800.0,2565.0,2842.0,1296.5468,0.0022973418,0.08013538,0.13295054,-0.22447221,0.114357375,0.051229898,37.0,11.0,88.0,43.0,32.0,44.5,40.5,28.0,75.0,29.0,40.0,55.0,31.799862,-1719681.9348126259,816357.333789685,5,baresoil
387,2502.0,1584.0,2248.0,3483.0,3078.0,1508.6997,0.0025687218,0.067389,0.16390978,-0.15583926,0.1476076,-0.061728414,15.0,31.0,57.0,40.5,39.0,32.5,18.0,35.0,60.5,16.0,38.5,46.0,32.553642,-1719694.1116648882,816360.7808309068,5,baresoil
388,2502.0,1584.0,2248.0,3483.0,3078.0,1508.6997,0.0025687218,0.067389,0.16390978,-0.15583926,0.1476076,-0.061728414,15.0,31.0,57.0,40.5,39.0,32.5,18.0,35.0,60.5,16.0,38.5,46.0,32.553642,-1719696.8911637715,816357.8641037035,5,baresoil
389,2502.0,1584.0,2248.0,3483.0,3078.0,1508.6997,0.0025687218,0.067389,0.16390978,-0.15583926,0.1476076,-0.061728414,15.0,31.0,57.0,40.5,39.0,32.5,18.0,35.0,60.5,16.0,38.5,46.0,32.553642,-1719698.611805942,816358.9247317573,5,baresoil
390,2502.0,1584.0,2248.0,3483.0,3078.0,1508.6997,0.0025687218,0.067389,0.16390978,-0.15583926,0.1476076,-0.061728414,15.0,31.0,57.0,40.5,39.0,32.5,18.0,35.0,60.5,16.0,38.5,46.0,32.553642,-1719699.1412343024,816364.3604508949,5,baresoil
391,2502.0,1584.0,2248.0,3483.0,3078.0,1508.6997,0.0025687218,0.067389,0.16390978,-0.15583926,0.1476076,-0.061728414,15.0,31.0,57.0,40.5,39.0,32.5,18.0,35.0,60.5,16.0,38.5,46.0,32.553642,-1719696.4940925024,816369.26585649,5,baresoil
392,1963.0,1491.0,1800.0,2565.0,2842.0,1296.5468,0.0022973418,0.08013538,0.13295054,-0.22447221,0.114357375,0.051229898,37.0,11.0,88.0,43.0,32.0,44.5,40.5,28.0,75.0,29.0,40.0,55.0,31.799862,-1719687.6261674867,816373.2432127402,5,baresoil
393,1963.0,1491.0,1800.0,2565.0,2842.0,1296.5468,0.0022973418,0.08013538,0.13295054,-0.22447221,0.114357375,0.051229898,37.0,11.0,88.0,43.0,32.0,44.5,40.5,28.0,75.0,29.0,40.0,55.0,31.799862,-1719688.685024205,816366.4817073076,5,baresoil
394,2502.0,1584.0,2248.0,3483.0,3078.0,1508.6997,0.0025687218,0.067389,0.16390978,-0.15583926,0.1476076,-0.061728414,15.0,31.0,57.0,40.5,39.0,32.5,18.0,35.0,60.5,16.0,38.5,46.0,32.553642,-1719693.5822365305,816374.3038411284,5,baresoil
395,2502.0,1584.0,2248.0,3483.0,3078.0,1508.6997,0.0025687218,0.067389,0.16390978,-0.15583926,0.1476076,-0.061728414,15.0,31.0,57.0,40.5,39.0,32.5,18.0,35.0,60.5,16.0,38.5,46.0,32.553642,-1719703.5090182647,816368.8681208828,5,baresoil
396,2502.0,1584.0,2248.0,3483.0,3078.0,1508.6997,0.0025687218,0.067389,0.16390978,-0.15583926,0.1476076,-0.061728414,15.0,31.0,57.0,40.5,39.0,32.5,18.0,35.0,60.5,16.0,38.5,46.0,32.553642,-1719707.0826596916,816364.3604508949,5,baresoil
397,2502.0,1584.0,2248.0,3483.0,3078.0,1508.6997,0.0025687218,0.067389,0.16390978,-0.15583926,0.1476076,-0.061728414,15.0,31.0,57.0,40.5,39.0,32.5,18.0,35.0,60.5,16.0,38.5,46.0,32.553642,-1719706.6855884197,816371.2545345748,5,baresoil
398,2502.0,1584.0,2248.0,3483.0,3078.0,1508.6997,0.0025687218,0.067389,0.16390978,-0.15583926,0.1476076,-0.061728414,15.0,31.0,57.0,40.5,39.0,32.5,18.0,35.0,60.5,16.0,38.5,46.0,32.553642,-1719707.4797309604,816360.5156738812,5,baresoil
399,1696.0,1346.0,1595.0,2398.0,2646.0,1154.2533,0.0018331409,0.07627185,0.17147048,-0.24781892,0.14063631,0.04916733,25.0,7.0,77.0,38.5,34.5,56.0,29.0,26.5,61.5,18.0,42.0,61.0,31.892563,-1719673.199244699,816335.0606061212,5,baresoil
400,1696.0,1346.0,1595.0,2398.0,2646.0,1154.2533,0.0018331409,0.07627185,0.17147048,-0.24781892,0.14063631,0.04916733,25.0,7.0,77.0,38.5,34.5,56.0,29.0,26.5,61.5,18.0,42.0,61.0,31.892563,-1719674.6551726863,816331.7461451498,5,baresoil
401,1666.0,1018.0,1383.0,2279.0,2062.0,913.52484,0.0015167296,0.06329483,0.15538655,-0.19709724,0.10467895,-0.04998847,12.0,15.0,78.0,34.0,37.0,56.0,24.0,26.5,71.5,12.0,44.0,48.5,27.854189,-1719629.6537621496,816342.6175779765,5,baresoil
402,1553.0,1253.0,1466.0,1785.0,2018.0,763.7201,0.0029608905,0.055791058,0.06950267,-0.15843861,0.049549334,0.061267443,19.0,6.0,77.0,36.0,35.0,65.0,28.0,25.0,72.0,18.0,46.0,67.0,31.090126,-1719669.3608890944,816308.4123462845,5,baresoil
403,1553.0,1253.0,1466.0,1785.0,2018.0,763.7201,0.0029608905,0.055791058,0.06950267,-0.15843861,0.049549334,0.061267443,19.0,6.0,77.0,36.0,35.0,65.0,28.0,25.0,72.0,18.0,46.0,67.0,31.090126,-1719674.5228155975,816302.0485848937,5,baresoil
404,1553.0,1253.0,1466.0,1785.0,2018.0,763.7201,0.0029608905,0.055791058,0.06950267,-0.15843861,0.049549334,0.061267443,19.0,6.0,77.0,36.0,35.0,65.0,28.0,25.0,72.0,18.0,46.0,67.0,31.090126,-1719679.8170991892,816298.7341261645,5,baresoil
405,1553.0,1253.0,1466.0,1785.0,2018.0,763.7201,0.0029608905,0.055791058,0.06950267,-0.15843861,0.049549334,0.061267443,19.0,6.0,77.0,36.0,35.0,65.0,28.0,25.0,72.0,18.0,46.0,67.0,31.090126,-1719686.5673107682,816301.2531147783,5,baresoil
406,1553.0,1253.0,1466.0,1785.0,2018.0,763.7201,0.0029608905,0.055791058,0.06950267,-0.15843861,0.049549334,0.061267443,19.0,6.0,77.0,36.0,35.0,65.0,28.0,25.0,72.0,18.0,46.0,67.0,31.090126,-1719683.2583835246,816308.942659771,5,baresoil
407,1553.0,1253.0,1466.0,1785.0,2018.0,763.7201,0.0029608905,0.055791058,0.06950267,-0.15843861,0.049549334,0.061267443,19.0,6.0,77.0,36.0,35.0,65.0,28.0,25.0,72.0,18.0,46.0,67.0,31.090126,-1719679.552385009,816312.6548543395,5,baresoil
408,2802.0,1672.0,2307.0,3168.0,3030.0,1451.1295,0.0027675629,0.06428329,0.06130652,-0.13546938,0.052465584,-0.02226524,21.0,12.0,88.0,39.5,34.0,47.0,21.0,30.5,57.0,28.0,37.0,55.5,34.70531,-1719715.288799258,816299.662174586,5,baresoil
409,2802.0,1672.0,2307.0,3168.0,3030.0,1451.1295,0.0027675629,0.06428329,0.06130652,-0.13546938,0.052465584,-0.02226524,21.0,12.0,88.0,39.5,34.0,47.0,21.0,30.5,57.0,28.0,37.0,55.5,34.70531,-1719719.6565832228,816300.9879580758,5,baresoil
410,777.0,631.0,983.0,3929.0,2601.0,1285.8511,0.0037289262,0.07846203,0.6697833,-0.45145085,0.5686041,-0.20336904,15.0,71.0,14.0,31.0,55.0,32.0,23.5,65.5,17.0,12.0,73.0,17.5,38.753838,-1719724.024367185,816302.5788983111,5,baresoil
411,777.0,631.0,983.0,3929.0,2601.0,1285.8511,0.0037289262,0.07846203,0.6697833,-0.45145085,0.5686041,-0.20336904,15.0,71.0,14.0,31.0,55.0,32.0,23.5,65.5,17.0,12.0,73.0,17.5,38.753838,-1719721.641939568,816308.2797679136,5,baresoil
412,3039.0,2280.0,2721.0,3444.0,3150.0,1493.109,0.001309514,0.06829539,0.062471054,-0.07307102,0.06945395,-0.044585973,24.0,19.0,70.0,29.0,37.0,57.0,37.0,33.5,54.0,24.0,39.5,51.0,23.436926,-1719532.1065869592,816323.6588613252,5,baresoil
413,1737.0,1112.0,1530.0,2905.0,2570.0,956.11896,0.001894027,0.055249557,0.25161564,-0.25365853,0.19483548,-0.06118719,25.0,14.0,85.0,32.0,39.0,53.0,26.5,23.0,77.0,33.0,39.0,40.0,24.418852,-1719525.8858037407,816318.2231467209,5,baresoil
414,565.0,498.0,782.0,3842.0,2440.0,869.624,0.0035449862,0.049912173,0.7435898,-0.5145872,0.60698676,-0.22317734,8.0,81.0,11.0,17.0,63.0,18.0,9.0,66.5,12.5,7.5,81.0,13.0,14.455906,-1716495.3716969364,816647.482707965,6,water
415,565.0,498.0,782.0,3842.0,2440.0,869.624,0.0035449862,0.049912173,0.7435898,-0.5145872,0.60698676,-0.22317734,8.0,81.0,11.0,17.0,63.0,18.0,9.0,66.5,12.5,7.5,81.0,13.0,14.455906,-1716497.886481642,816639.7931096232,6,water
416,565.0,498.0,782.0,3842.0,2440.0,869.624,0.0035449862,0.049912173,0.7435898,-0.5145872,0.60698676,-0.22317734,8.0,81.0,11.0,17.0,63.0,18.0,9.0,66.5,12.5,7.5,81.0,13.0,14.455906,-1716494.9746256673,816632.501250246,6,water
417,565.0,498.0,782.0,3842.0,2440.0,869.624,0.0035449862,0.049912173,0.7435898,-0.5145872,0.60698676,-0.22317734,8.0,81.0,11.0,17.0,63.0,18.0,9.0,66.5,12.5,7.5,81.0,13.0,14.455906,-1716494.4451973096,816625.7397088885,6,water
418,960.0,654.0,1055.0,3822.0,2598.0,1056.7952,0.002826333,0.055663753,0.5984943,-0.42239252,0.48749745,-0.19065425,13.0,60.0,28.0,22.0,51.0,31.0,14.5,58.0,27.0,21.0,67.0,14.0,12.990521,-1716497.886481642,816653.7139350967,6,water
419,275.0,355.0,419.0,1879.0,1096.0,673.55194,0.00563398,0.07109922,0.7446611,-0.44686466,0.36902407,-0.26319328,15.0,50.0,43.0,28.0,44.0,53.5,37.5,47.5,33.0,11.0,59.0,37.0,24.260956,-1719568.7695008605,816249.0172722371,6,water
420,545.0,710.0,967.0,1192.0,807.0,751.6181,0.016694337,0.101290375,0.3724813,0.09019163,0.17702748,-0.19259627,26.0,59.0,32.0,29.5,47.0,36.0,34.0,56.0,35.0,25.0,68.0,29.0,19.778711,-1719578.0344971481,816265.1918164904,6,water
421,545.0,710.0,967.0,1192.0,807.0,751.6181,0.016694337,0.101290375,0.3724813,0.09019163,0.17702748,-0.19259627,26.0,59.0,32.0,29.5,47.0,36.0,34.0,56.0,35.0,25.0,68.0,29.0,19.778711,-1719586.770065075,816276.063234492,6,water
422,545.0,710.0,967.0,1192.0,807.0,751.6181,0.016694337,0.101290375,0.3724813,0.09019163,0.17702748,-0.19259627,26.0,59.0,32.0,29.5,47.0,36.0,34.0,56.0,35.0,25.0,68.0,29.0,19.778711,-1719595.240918822,816283.2224623037,6,water
423,479.0,557.0,804.0,1734.0,949.0,650.5646,0.004886836,0.07498437,0.56710345,-0.08271534,0.3008005,-0.29258293,13.0,62.0,24.0,30.0,48.0,35.0,36.0,54.0,23.5,13.5,67.0,24.0,19.415382,-1719607.6824852645,816277.3890173412,6,water
424,479.0,557.0,804.0,1734.0,949.0,650.5646,0.004886836,0.07498437,0.56710345,-0.08271534,0.3008005,-0.29258293,13.0,62.0,24.0,30.0,48.0,35.0,36.0,54.0,23.5,13.5,67.0,24.0,19.415382,-1719618.0063382734,816264.3963469757,6,water
425,575.0,463.0,667.0,2374.0,1530.0,561.8317,0.0015930533,0.041994683,0.61003727,-0.39280838,0.3641258,-0.21618852,12.0,64.0,25.0,33.0,49.0,50.0,38.0,60.0,26.0,22.5,70.0,26.0,16.04343,-1719633.0950465105,816248.4869594014,6,water
426,575.0,463.0,667.0,2374.0,1530.0,561.8317,0.0015930533,0.041994683,0.61003727,-0.39280838,0.3641258,-0.21618852,12.0,64.0,25.0,33.0,49.0,50.0,38.0,60.0,26.0,22.5,70.0,26.0,16.04343,-1719634.9480457667,816236.024609424,6,water
427,545.0,710.0,967.0,1192.0,807.0,751.6181,0.016694337,0.101290375,0.3724813,0.09019163,0.17702748,-0.19259627,26.0,59.0,32.0,29.5,47.0,36.0,34.0,56.0,35.0,25.0,68.0,29.0,19.778711,-1719597.888060622,816263.3357209761,6,water
428,538.0,656.0,879.0,700.0,703.0,502.58447,0.010742217,0.08142389,0.1308562,0.111251585,0.044960033,0.0021382582,41.0,51.0,18.0,43.5,45.0,47.0,36.0,45.0,37.0,41.0,60.0,38.0,17.360798,-1719630.9773330737,816224.3577314778,6,water
429,293.0,369.0,443.0,384.0,301.0,403.41522,0.017609835,0.13929594,0.13441657,0.19086024,0.024267964,-0.12116793,16.0,48.0,43.0,39.0,50.0,44.0,30.5,37.0,54.0,39.0,51.0,35.0,16.0,-1721959.4032569958,817789.6003956237,6,water
430,291.0,359.0,435.0,824.0,481.0,580.933,0.01412347,0.124226704,0.4780269,-0.050218336,0.13490255,-0.26283526,26.0,52.0,57.0,31.0,49.0,49.0,37.0,42.0,49.0,37.0,54.5,47.0,16.0,-1722061.5829303314,817834.6784318545,6,water
431,337.0,376.0,525.0,1529.0,852.0,896.7683,0.009665012,0.10250804,0.63879955,-0.23747277,0.2777001,-0.2843343,8.0,73.0,22.0,9.0,56.0,22.0,29.5,51.5,34.0,25.5,63.5,29.5,16.0,-1722104.9960557863,817844.2243742901,6,water
432,311.0,383.0,476.0,596.0,472.0,862.87463,0.020472646,0.17921795,0.31422272,0.004219402,0.07430001,-0.11610484,12.0,52.0,44.0,37.0,54.0,46.0,24.0,45.5,44.0,42.5,51.0,26.0,16.0,-1721870.724006824,817822.480841464,6,water
433,311.0,383.0,476.0,596.0,472.0,862.87463,0.020472646,0.17921795,0.31422272,0.004219402,0.07430001,-0.11610484,12.0,52.0,44.0,37.0,54.0,46.0,24.0,45.5,44.0,42.5,51.0,26.0,16.0,-1721855.3705844064,817847.6715206295,6,water
434,271.0,348.0,478.0,2405.0,1066.0,1040.5157,0.005060792,0.10545888,0.79745895,-0.380829,0.467122,-0.3857678,4.0,73.0,25.0,21.0,53.0,48.0,23.0,49.0,38.0,47.0,69.0,26.0,16.0,-1721896.930710608,817867.5589081194,6,water
435,321.0,351.0,474.0,800.0,627.0,857.8975,0.018444657,0.16968778,0.42729706,-0.1389646,0.118640706,-0.12123332,7.0,43.0,53.0,20.0,42.0,52.0,14.0,41.0,53.0,38.5,51.5,51.5,16.0,-1722077.730495284,817722.7789127734,6,water
436,322.0,529.0,553.0,630.0,552.0,801.6732,0.017282724,0.17749648,0.3235294,0.0009049927,0.08959218,-0.06598986,22.0,52.0,31.0,23.5,45.0,52.5,40.0,46.0,28.5,52.0,46.0,43.0,0.0,-1725296.6549194315,813371.3593861319,6,water
437,758.0,696.0,1105.0,4576.0,2759.0,676.7848,0.0012850761,0.033325367,0.7157855,-0.4280538,0.6864931,-0.24771641,26.0,63.0,10.0,32.5,52.0,37.0,33.0,53.0,8.0,26.5,62.5,15.0,56.154877,-1727257.2604907658,830774.0731858208,6,water
438,758.0,696.0,1105.0,4576.0,2759.0,676.7848,0.0012850761,0.033325367,0.7157855,-0.4280538,0.6864931,-0.24771641,26.0,63.0,10.0,32.5,52.0,37.0,33.0,53.0,8.0,26.5,62.5,15.0,56.154877,-1727256.5987053164,830766.7791955041,6,water
439,224.0,293.0,289.0,335.0,189.0,493.16888,0.01381135,0.1312683,0.1985689,0.20920503,0.029267525,-0.27862597,21.0,70.0,20.0,21.0,65.0,18.0,51.0,49.0,29.5,25.0,60.0,42.0,0.0,-1712095.3587818362,836439.4522800192,6,water
440,2901.0,1880.0,2514.0,3263.0,3138.0,1379.5518,0.001094073,0.0628104,0.058728077,-0.110403426,0.054620054,-0.01952818,32.0,4.0,95.0,35.0,31.0,65.5,32.0,23.0,79.0,38.5,42.5,60.0,21.193443,-1719614.0356255434,816388.8874838003,5,baresoil
441,2901.0,1880.0,2514.0,3263.0,3138.0,1379.5518,0.001094073,0.0628104,0.058728077,-0.110403426,0.054620054,-0.01952818,32.0,4.0,95.0,35.0,31.0,65.5,32.0,23.0,79.0,38.5,42.5,60.0,21.193443,-1719614.962125173,816396.7096212117,5,baresoil
442,2901.0,1880.0,2514.0,3263.0,3138.0,1379.5518,0.001094073,0.0628104,0.058728077,-0.110403426,0.054620054,-0.01952818,32.0,4.0,95.0,35.0,31.0,65.5,32.0,23.0,79.0,38.5,42.5,60.0,21.193443,-1719617.34455279,816380.137297673,5,baresoil
443,3067.0,2185.0,2693.0,3506.0,2964.0,1119.0812,0.0016491413,0.045503866,0.0667884,-0.04790524,0.070712954,-0.08377124,14.0,28.0,69.0,25.0,38.0,56.0,37.5,38.5,52.0,18.0,43.0,48.0,23.980646,-1719548.121794823,816332.2764588888,5,baresoil
444,3039.0,2280.0,2721.0,3444.0,3150.0,1493.109,0.001309514,0.06829539,0.062471054,-0.07307102,0.06945395,-0.044585973,24.0,19.0,70.0,29.0,37.0,57.0,37.0,33.5,54.0,24.0,39.5,51.0,23.436926,-1719525.687268099,816326.9733217459,5,baresoil
445,2683.0,1726.0,2254.0,2448.0,2516.0,1167.9656,0.0027885437,0.06319266,-0.045800027,-0.05492662,-0.037657835,0.013698622,15.0,6.0,89.0,29.5,32.0,65.0,37.0,21.0,77.5,14.0,40.0,56.5,30.189228,-1719630.3155475904,816331.9450128006,5,baresoil
446,2683.0,1726.0,2254.0,2448.0,2516.0,1167.9656,0.0027885437,0.06319266,-0.045800027,-0.05492662,-0.037657835,0.013698622,15.0,6.0,89.0,29.5,32.0,65.0,37.0,21.0,77.5,14.0,40.0,56.5,30.189228,-1719637.5290089857,816334.0662678047,5,baresoil
447,1592.0,1111.0,1572.0,2607.0,1906.0,825.3118,0.0020817518,0.054456968,0.2417242,-0.0960322,0.18352439,-0.15532905,25.0,43.0,50.0,36.0,40.0,40.0,20.5,43.0,50.0,20.0,52.0,39.5,23.137276,-1719529.194730976,816371.6522701997,6,water
448,1592.0,1111.0,1572.0,2607.0,1906.0,825.3118,0.0020817518,0.054456968,0.2417242,-0.0960322,0.18352439,-0.15532905,25.0,43.0,50.0,36.0,40.0,40.0,20.5,43.0,50.0,20.0,52.0,39.5,23.137276,-1719533.6948720296,816369.9287491743,6,water
449,1592.0,1111.0,1572.0,2607.0,1906.0,825.3118,0.0020817518,0.054456968,0.2417242,-0.0960322,0.18352439,-0.15532905,25.0,43.0,50.0,36.0,40.0,40.0,20.5,43.0,50.0,20.0,52.0,39.5,23.137276,-1719524.3636971975,816368.801831614,6,water
450,587.0,513.0,844.0,3966.0,2050.0,523.7351,0.0010098219,0.031213405,0.74214804,-0.4167243,0.6192955,-0.31848407,7.0,64.0,25.0,11.0,57.0,40.0,16.0,61.0,29.0,7.0,73.0,25.0,20.787594,-1719507.9514180617,816350.6385756985,6,water
451,1181.0,897.0,1212.0,3074.0,2047.0,977.1754,0.0017228723,0.059324384,0.44488835,-0.25621355,0.35231712,-0.20054677,20.0,59.0,25.0,34.0,48.0,38.0,22.0,58.0,30.0,20.0,61.0,33.0,23.794306,-1719549.6439013518,816361.9077482808,6,water
452,1181.0,897.0,1212.0,3074.0,2047.0,977.1754,0.0017228723,0.059324384,0.44488835,-0.25621355,0.35231712,-0.20054677,20.0,59.0,25.0,34.0,48.0,38.0,22.0,58.0,30.0,20.0,61.0,33.0,23.794306,-1719545.2761173898,816371.5859809284,6,water
453,3067.0,2185.0,2693.0,3506.0,2964.0,1119.0812,0.0016491413,0.045503866,0.0667884,-0.04790524,0.070712954,-0.08377124,14.0,28.0,69.0,25.0,38.0,56.0,37.5,38.5,52.0,18.0,43.0,48.0,23.980646,-1719569.1665720984,816339.7671410854,6,water
454,1118.0,712.0,1008.0,2785.0,1928.0,620.6031,0.0014767647,0.042808995,0.42710736,-0.3133515,0.29446054,-0.18183745,16.0,36.0,49.0,21.0,35.0,51.0,30.0,37.0,45.0,20.5,47.5,38.0,23.699255,-1719570.5563215413,816333.1382187291,6,water
455,3067.0,2185.0,2693.0,3506.0,2964.0,1119.0812,0.0016491413,0.045503866,0.0667884,-0.04790524,0.070712954,-0.08377124,14.0,28.0,69.0,25.0,38.0,56.0,37.5,38.5,52.0,18.0,43.0,48.0,23.980646,-1719568.8356793737,816325.4486699237,6,water
456,3067.0,2185.0,2693.0,3506.0,2964.0,1119.0812,0.0016491413,0.045503866,0.0667884,-0.04790524,0.070712954,-0.08377124,14.0,28.0,69.0,25.0,38.0,56.0,37.5,38.5,52.0,18.0,43.0,48.0,23.980646,-1719567.5782870222,816320.9410039461,6,water
457,525.0,546.0,704.0,510.0,223.0,688.0448,0.030004352,0.15343757,-0.014492748,0.51887816,-0.003920542,-0.39154163,62.0,40.0,10.0,55.0,58.0,45.0,58.0,52.0,48.0,67.0,78.5,44.0,0.0,-1716221.591056648,815080.2217637564,7,mangroves
458,1049.0,1138.0,1145.0,1466.0,1516.0,591.1758,0.0031513572,0.05383813,0.16580513,-0.13942128,0.1130081,0.016767304,35.0,32.0,33.0,52.0,27.0,35.0,44.0,32.5,51.0,30.5,43.0,46.0,2.1702125,-1724568.2938541928,816642.9087225957,5,baresoil
459,1049.0,1138.0,1145.0,1466.0,1516.0,591.1758,0.0031513572,0.05383813,0.16580513,-0.13942128,0.1130081,0.016767304,35.0,32.0,33.0,52.0,27.0,35.0,44.0,32.5,51.0,30.5,43.0,46.0,2.1702125,-1724574.3822803253,816649.5376870343,5,baresoil
460,977.0,958.0,1009.0,1446.0,1558.0,771.12445,0.0023429394,0.08160717,0.19356172,-0.21386832,0.115825355,0.037283607,60.0,23.0,25.0,48.5,26.0,45.0,67.0,28.5,50.0,50.0,40.5,42.5,4.15309,-1724584.8384904172,816642.2458262012,5,baresoil
461,977.0,958.0,1009.0,1446.0,1558.0,771.12445,0.0023429394,0.08160717,0.19356172,-0.21386832,0.115825355,0.037283607,60.0,23.0,25.0,48.5,26.0,45.0,67.0,28.5,50.0,50.0,40.5,42.5,4.15309,-1724594.3682008851,816649.9354249297,5,baresoil
462,568.0,553.0,764.0,2384.0,1372.0,1078.9966,0.0056877136,0.08591445,0.6151762,-0.28464422,0.38988367,-0.26943558,23.0,44.0,25.0,35.0,43.0,38.0,39.0,35.5,54.0,29.0,52.5,30.5,2.8356988,-1724585.5002758694,816655.2385971727,5,baresoil
463,1828.0,1618.0,1879.0,2371.0,2070.0,1028.9248,0.0041748285,0.070377424,0.12931652,-0.048366662,0.12116212,-0.06777753,46.0,26.0,26.0,49.0,22.0,33.0,58.0,28.5,54.5,34.0,33.0,40.0,2.9625487,-1724622.0308326564,816636.5449175814,5,baresoil
464,1828.0,1618.0,1879.0,2371.0,2070.0,1028.9248,0.0041748285,0.070377424,0.12931652,-0.048366662,0.12116212,-0.06777753,46.0,26.0,26.0,49.0,22.0,33.0,58.0,28.5,54.5,34.0,33.0,40.0,2.9625487,-1724636.5901125357,816636.9426553705,5,baresoil
465,1828.0,1618.0,1879.0,2371.0,2070.0,1028.9248,0.0041748285,0.070377424,0.12931652,-0.048366662,0.12116212,-0.06777753,46.0,26.0,26.0,49.0,22.0,33.0,58.0,28.5,54.5,34.0,33.0,40.0,2.9625487,-1724633.413542378,816642.9087225957,5,baresoil
466,1447.0,1257.0,1478.0,2655.0,2188.0,742.04803,0.0044791102,0.043029975,0.2944905,-0.19367157,0.25357905,-0.096427865,25.0,30.0,45.0,31.5,24.0,47.5,44.0,29.0,53.5,32.0,41.0,45.0,2.1253653,-1724651.4141065925,816635.6168627528,5,baresoil
467,1447.0,1257.0,1478.0,2655.0,2188.0,742.04803,0.0044791102,0.043029975,0.2944905,-0.19367157,0.25357905,-0.096427865,25.0,30.0,45.0,31.5,24.0,47.5,44.0,29.0,53.5,32.0,41.0,45.0,2.1253653,-1724658.296675266,816627.6621078035,5,baresoil
468,1447.0,1257.0,1478.0,2655.0,2188.0,742.04803,0.0044791102,0.043029975,0.2944905,-0.19367157,0.25357905,-0.096427865,25.0,30.0,45.0,31.5,24.0,47.5,44.0,29.0,53.5,32.0,41.0,45.0,2.1253653,-1724665.4439581141,816625.5408400364,5,baresoil
469,1447.0,1257.0,1478.0,2655.0,2188.0,742.04803,0.0044791102,0.043029975,0.2944905,-0.19367157,0.25357905,-0.096427865,25.0,30.0,45.0,31.5,24.0,47.5,44.0,29.0,53.5,32.0,41.0,45.0,2.1253653,-1724661.2085312407,816632.832698373,5,baresoil
470,1447.0,1257.0,1478.0,2655.0,2188.0,742.04803,0.0044791102,0.043029975,0.2944905,-0.19367157,0.25357905,-0.096427865,25.0,30.0,45.0,31.5,24.0,47.5,44.0,29.0,53.5,32.0,41.0,45.0,2.1253653,-1724668.6205282693,816632.567539869,5,baresoil
471,1049.0,1138.0,1145.0,1466.0,1516.0,591.1758,0.0031513572,0.05383813,0.16580513,-0.13942128,0.1130081,0.016767304,35.0,32.0,33.0,52.0,27.0,35.0,44.0,32.5,51.0,30.5,43.0,46.0,2.1702125,-1724575.4411370438,816636.412338319,5,baresoil
472,1828.0,1618.0,1879.0,2371.0,2070.0,1028.9248,0.0041748285,0.070377424,0.12931652,-0.048366662,0.12116212,-0.06777753,46.0,26.0,26.0,49.0,22.0,33.0,58.0,28.5,54.5,34.0,33.0,40.0,2.9625487,-1724631.1634718524,816631.3743266184,5,baresoil
473,1447.0,1257.0,1478.0,2655.0,2188.0,742.04803,0.0044791102,0.043029975,0.2944905,-0.19367157,0.25357905,-0.096427865,25.0,30.0,45.0,31.5,24.0,47.5,44.0,29.0,53.5,32.0,41.0,45.0,2.1253653,-1724650.6199640546,816630.1811133972,5,baresoil
474,706.0,614.0,874.0,2613.0,1387.0,1317.4084,0.005062282,0.09818367,0.57457066,-0.22689074,0.38937438,-0.30650002,25.0,44.0,25.0,37.0,43.0,41.0,40.0,35.5,48.0,27.5,53.0,30.0,2.0362442,-1724564.984926949,816650.200583528,5,baresoil
475,568.0,553.0,764.0,2384.0,1372.0,1078.9966,0.0056877136,0.08591445,0.6151762,-0.28464422,0.38988367,-0.26943558,23.0,44.0,25.0,35.0,43.0,38.0,39.0,35.5,54.0,29.0,52.5,30.5,2.8356988,-1724583.7796337018,816650.5983214286,5,baresoil
476,1828.0,1618.0,1879.0,2371.0,2070.0,1028.9248,0.0041748285,0.070377424,0.12931652,-0.048366662,0.12116212,-0.06777753,46.0,26.0,26.0,49.0,22.0,33.0,58.0,28.5,54.5,34.0,33.0,40.0,2.9625487,-1724627.72218752,816638.0032894905,5,baresoil
477,1049.0,1138.0,1145.0,1466.0,1516.0,591.1758,0.0031513572,0.05383813,0.16580513,-0.13942128,0.1130081,0.016767304,35.0,32.0,33.0,52.0,27.0,35.0,44.0,32.5,51.0,30.5,43.0,46.0,2.1702125,-1724577.5588504805,816644.8974118326,5,baresoil
478,1049.0,1138.0,1145.0,1466.0,1516.0,591.1758,0.0031513572,0.05383813,0.16580513,-0.13942128,0.1130081,0.016767304,35.0,32.0,33.0,52.0,27.0,35.0,44.0,32.5,51.0,30.5,43.0,46.0,2.1702125,-1724563.9260702308,816632.4349606173,5,baresoil
479,1049.0,1138.0,1145.0,1466.0,1516.0,591.1758,0.0031513572,0.05383813,0.16580513,-0.13942128,0.1130081,0.016767304,35.0,32.0,33.0,52.0,27.0,35.0,44.0,32.5,51.0,30.5,43.0,46.0,2.1702125,-1724562.9995706012,816640.7874541652,5,baresoil
480,1828.0,1618.0,1879.0,2371.0,2070.0,1028.9248,0.0041748285,0.070377424,0.12931652,-0.048366662,0.12116212,-0.06777753,46.0,26.0,26.0,49.0,22.0,33.0,58.0,28.5,54.5,34.0,33.0,40.0,2.9625487,-1724628.3839729666,816644.234515411,5,baresoil
481,2683.0,1726.0,2254.0,2448.0,2516.0,1167.9656,0.0027885437,0.06319266,-0.045800027,-0.05492662,-0.037657835,0.013698622,15.0,6.0,89.0,29.5,32.0,65.0,37.0,21.0,77.5,14.0,40.0,56.5,30.189228,-1719639.5805438808,816332.9393510703,5,baresoil
482,2683.0,1726.0,2254.0,2448.0,2516.0,1167.9656,0.0027885437,0.06319266,-0.045800027,-0.05492662,-0.037657835,0.013698622,15.0,6.0,89.0,29.5,32.0,65.0,37.0,21.0,77.5,14.0,40.0,56.5,30.189228,-1719637.0657591752,816331.3484098453,5,baresoil
483,2683.0,1726.0,2254.0,2448.0,2516.0,1167.9656,0.0027885437,0.06319266,-0.045800027,-0.05492662,-0.037657835,0.013698622,15.0,6.0,89.0,29.5,32.0,65.0,37.0,21.0,77.5,14.0,40.0,56.5,30.189228,-1719644.0806849317,816327.6362138554,5,baresoil
484,2683.0,1726.0,2254.0,2448.0,2516.0,1167.9656,0.0027885437,0.06319266,-0.045800027,-0.05492662,-0.037657835,0.013698622,15.0,6.0,89.0,29.5,32.0,65.0,37.0,21.0,77.5,14.0,40.0,56.5,30.189228,-1719639.7129009725,816329.1940103526,5,baresoil
485,2683.0,1726.0,2254.0,2448.0,2516.0,1167.9656,0.0027885437,0.06319266,-0.045800027,-0.05492662,-0.037657835,0.013698622,15.0,6.0,89.0,29.5,32.0,65.0,37.0,21.0,77.5,14.0,40.0,56.5,30.189228,-1719641.2680967792,816327.3710570098,5,baresoil
